feature,predictor,n_train_pos,n_train_neg,n_test,n_test_pos,auc_gkm1000,auc_gkm300,status,error
125,Dnd41_CTCF_None,2000,2000,10000,5000,0.7104088199999999,0.8396017200000001,ok,
126,Dnd41_EZH2_None,2000,2000,640,320,0.93146484375,0.9119140625,ok,
127,GM12878_CTCF_None,2000,2000,10000,5000,0.71283854,0.8035150600000001,ok,
128,GM12878_EZH2_None,2000,2000,650,325,0.8156213017751478,0.7789349112426036,ok,
129,H1-hESC_CHD1_None,2000,2000,3052,1526,0.9279414568621825,0.8755546069955631,ok,
130,H1-hESC_CTCF_None,2000,2000,10000,5000,0.69151638,0.83435872,ok,
131,H1-hESC_EZH2_None,2000,2000,3578,1789,0.9701151781225619,0.9498047349165963,ok,
132,H1-hESC_JARID1A_None,2000,2000,350,175,0.9754122448979591,0.9773387755102041,ok,
133,H1-hESC_RBBP5_None,2000,2000,7884,3942,0.9399046833576973,0.9269196924661782,ok,
134,HeLa-S3_CTCF_None,2000,2000,10000,5000,0.7080646799999999,0.76753012,ok,
135,HeLa-S3_EZH2_None,2000,2000,1396,698,0.7175351598098537,0.6723939048119474,ok,
136,HeLa-S3_Pol2(b)_None,2000,2000,1460,730,0.8412441358603865,0.8058979170576094,ok,
137,HepG2_CTCF_None,2000,2000,10000,5000,0.72297962,0.8426476,ok,
138,HepG2_EZH2_None,2000,2000,952,476,0.9502551020408163,0.9043014264529341,ok,
139,HMEC_CTCF_None,2000,2000,8612,4306,0.7159958538717943,0.8576004835819234,ok,
140,HMEC_EZH2_None,2000,2000,1868,934,0.946482857915805,0.9132269394604955,ok,
141,HSMM_CTCF_None,2000,2000,10000,5000,0.6828890999999999,0.8253989600000001,ok,
142,HSMM_EZH2_None,2000,2000,618,309,0.9577298101192907,0.9336098281333459,ok,
143,HSMMtube_CTCF_None,2000,2000,10000,5000,0.69209512,0.8017802600000001,ok,
144,HSMMtube_EZH2_None,2000,2000,1078,539,0.981378282464951,0.9746558768557178,ok,
145,HUVEC_CTCF_None,2000,2000,9474,4737,0.7271615316948681,0.8301779580161814,ok,
146,HUVEC_EZH2_None,2000,2000,3672,1836,0.9772464057034094,0.9542486626701031,ok,
147,HUVEC_Pol2(b)_None,2000,2000,2090,1045,0.8717694191982786,0.8442347931594972,ok,
148,K562_CHD1_None,2000,2000,2732,1366,0.9258297087391127,0.8919744088285041,ok,
149,K562_CTCF_None,2000,2000,10000,5000,0.72066088,0.7802650999999999,ok,
150,K562_EZH2_None,2000,2000,304,152,0.8572108725761772,0.8260474376731302,ok,
151,K562_HDAC1_None,2000,2000,3908,1954,0.9364377614509354,0.924159585512855,ok,
152,K562_HDAC2_None,2000,2000,1182,591,0.9063676524059424,0.9122110850575897,ok,
153,K562_HDAC6_None,2000,2000,122,61,0.9492072023649557,0.9470572426766998,ok,
154,K562_p300_None,2000,2000,520,260,0.8133579881656805,0.8318639053254439,ok,
155,K562_PHF8_None,2000,2000,7550,3775,0.9636703302486733,0.9537994649357485,ok,
156,K562_PLU1_None,2000,2000,4958,2479,0.9426896295969646,0.9285124533780407,ok,
157,K562_Pol2(b)_None,2000,2000,3610,1805,0.8466033870212781,0.8369737801275312,ok,
158,K562_RBBP5_None,2000,2000,5654,2827,0.932768671993958,0.9167463199435331,ok,
159,K562_SAP30_None,2000,2000,3158,1579,0.9620522043396527,0.9511896363007025,ok,
160,NH-A_CTCF_None,2000,2000,9126,4563,0.7082050311875494,0.8265733933900964,ok,
161,NH-A_EZH2_None,2000,2000,3312,1656,0.9774557165861514,0.9618832265630469,ok,
162,NHDF-Ad_CTCF_None,2000,2000,10000,5000,0.6815243400000001,0.82867668,ok,
163,NHDF-Ad_EZH2_None,2000,2000,2876,1438,0.9765818891560487,0.961909118869702,ok,
164,NHEK_CTCF_None,2000,2000,10000,5000,0.69117838,0.79524622,ok,
165,NHEK_EZH2_None,2000,2000,3320,1660,0.962627558426477,0.9321029902743504,ok,
166,NHEK_Pol2(b)_None,2000,2000,2240,1120,0.7736304209183674,0.7274996014030611,ok,
167,NHLF_CTCF_None,2000,2000,9388,4694,0.7202781919425373,0.8369238967186351,ok,
168,NHLF_EZH2_None,2000,2000,2992,1496,0.9553997826646456,0.9308369555892361,ok,
169,Osteobl_CTCF_None,2000,2000,10000,5000,0.6753861800000001,0.7528967799999999,ok,
170,A549_ATF3_EtOH_0.02pct,2000,2000,2654,1327,0.747208149789117,0.7355907024076497,ok,
171,A549_BCL3_EtOH_0.02pct,2000,2000,3552,1776,0.7081979572477883,0.6850264538186835,ok,
172,A549_CREB1_DEX_100nM,2000,2000,3742,1871,0.8888729235588568,0.9240220576745802,ok,
173,A549_CTCF_DEX_100nM,2000,2000,5826,2913,0.7169559283531842,0.874710582166028,ok,
174,A549_CTCF_EtOH_0.02pct,2000,2000,6146,3073,0.7155603177650594,0.8774233112073082,ok,
175,A549_ELF1_EtOH_0.02pct,2000,2000,2774,1387,0.8237683422489914,0.8260913862319228,ok,
176,A549_ETS1_EtOH_0.02pct,2000,2000,1964,982,0.8338405971436986,0.8261227554224513,ok,
177,A549_FOSL2_EtOH_0.02pct,2000,2000,9592,4796,0.7411862496965431,0.8007767149925465,ok,
178,A549_FOXA1_DEX_100nM,2000,2000,2054,1027,0.7728544488679083,0.8692294418755907,ok,
179,A549_GABP_EtOH_0.02pct,2000,2000,4772,2386,0.8166969553465345,0.7971151745056557,ok,
180,A549_GR_DEX_500pM,2000,2000,236,118,0.7702528009192762,0.8480321746624534,ok,
181,A549_GR_DEX_50nM,2000,2000,6346,3173,0.7189842618079647,0.8253479439515317,ok,
182,A549_GR_DEX_5nM,2000,2000,2880,1440,0.7554359567901234,0.8547996238425926,ok,
183,A549_GR_DEX_100nM,2000,2000,4540,2270,0.7802542257757767,0.8576273554697353,ok,
184,A549_NRSF_EtOH_0.02pct,2000,2000,4856,2428,0.7540710349329216,0.7466554903120921,ok,
185,A549_p300_EtOH_0.02pct,2000,2000,7798,3899,0.7177234401781689,0.6968714924898046,ok,
186,A549_Pol2_DEX_100nM,2000,2000,9082,4541,0.9279034722471096,0.9362714063614096,ok,
187,A549_Pol2_EtOH_0.02pct,2000,2000,8724,4362,0.9341249223999271,0.9415731103580777,ok,
188,A549_Sin3Ak-20_EtOH_0.02pct,2000,2000,3346,1673,0.7736707504906342,0.7412889001471634,ok,
189,A549_SIX5_EtOH_0.02pct,2000,2000,1546,773,0.8149437098450452,0.8015895462814357,ok,
190,A549_TAF1_EtOH_0.02pct,2000,2000,2768,1384,0.9086577817501419,0.8931390227705569,ok,
191,A549_TCF12_EtOH_0.02pct,2000,2000,9198,4599,0.7255358083128861,0.6996416116817514,ok,
192,A549_USF-1_DEX_100nM,2000,2000,2650,1325,0.7548801708793165,0.845984763260947,ok,
193,A549_USF-1_EtOH_0.02pct,2000,2000,2366,1183,0.7922234472725402,0.8950534802345714,ok,
194,A549_USF-1_EtOH_0.02pct,2000,2000,2298,1149,0.7704114752223336,0.807512643908011,ok,
195,A549_YY1_EtOH_0.02pct,2000,2000,3810,1905,0.8638743188597487,0.8488985333526222,ok,
196,A549_ZBTB33_EtOH_0.02pct,2000,2000,2786,1393,0.7638577463257215,0.7588370011270587,ok,
197,ECC-1_CTCF_DMSO_0.02pct,2000,2000,4474,2237,0.7754735101872059,0.9215723929387677,ok,
198,ECC-1_ERalpha_BPA_100nM,2000,2000,930,465,0.7599329402243036,0.8655243380737657,ok,
199,ECC-1_ERalpha_Estradiol_10nM,2000,2000,4034,2017,0.6936490991667504,0.79140850121513,ok,
200,ECC-1_ERalpha_Genistein_100nM,2000,2000,2698,1349,0.6927103567917592,0.8027383213878879,ok,
201,ECC-1_FOXA1_DMSO_0.02pct,2000,2000,1020,510,0.7309919261822377,0.853514033064206,ok,
202,ECC-1_GR_DEX_100nM,2000,2000,1986,993,0.7405930131261225,0.8415352583897961,ok,
203,ECC-1_Pol2_DMSO_0.02pct,2000,2000,5028,2514,0.9457996239357133,0.9454749504603972,ok,
204,GM12878_ATF2_None,2000,2000,8376,4188,0.739548639903522,0.7331122247217455,ok,
205,GM12878_ATF3_None,2000,2000,224,112,0.896763392857143,0.9451530612244898,ok,
206,GM12878_BATF_None,2000,2000,5956,2978,0.7136433352081369,0.8408418507605133,ok,
207,GM12878_BCL11A_None,2000,2000,3832,1916,0.7360342637104964,0.8495977724120798,ok,
208,GM12878_BCL3_None,2000,2000,4274,2137,0.7589651458175354,0.8232137425825568,ok,
209,GM12878_BCLAF1_None,2000,2000,1724,862,0.8252122350762539,0.8454936719763567,ok,
210,GM12878_CEBPB_None,2000,2000,2456,1228,0.7651622961516833,0.7450271355664251,ok,
211,GM12878_EBF1_None,2000,2000,6620,3310,0.7424444373454058,0.8291007749107803,ok,
212,GM12878_Egr-1_None,2000,2000,2638,1319,0.9131829027090503,0.9504219257702639,ok,
213,GM12878_ELF1_None,2000,2000,5146,2573,0.8986100992866065,0.9217134072944108,ok,
214,GM12878_ETS1_None,2000,2000,658,329,0.9204922349202244,0.9599042876544008,ok,
215,GM12878_FOXM1_None,2000,2000,8240,4120,0.7126544679046093,0.7127297282967292,ok,
216,GM12878_GABP_None,2000,2000,1394,697,0.9641649290153125,0.9764393002188103,ok,
217,GM12878_IRF4_None,2000,2000,4400,2200,0.7175486570247933,0.8033488636363636,ok,
218,GM12878_MEF2A_None,2000,2000,3968,1984,0.7419348487496747,0.8467614911225287,ok,
219,GM12878_MEF2C_None,2000,2000,2156,1078,0.7438988919905962,0.8531500304625138,ok,
220,GM12878_MTA3_None,2000,2000,4970,2485,0.7572843094786019,0.7118017562113121,ok,
221,GM12878_NFATC1_None,2000,2000,4478,2239,0.7524221936793467,0.7229198138245616,ok,
222,GM12878_NFIC_None,2000,2000,10000,5000,0.74495306,0.7187292000000001,ok,
223,GM12878_NRSF_None,2000,2000,1798,899,0.8689521542289604,0.9221183839168722,ok,
224,GM12878_p300_None,2000,2000,1212,606,0.7927436307987235,0.8669874413183892,ok,
225,GM12878_PAX5-C20_None,2000,2000,4814,2407,0.7391234781395973,0.8303853926946558,ok,
226,GM12878_PAX5-N19_None,2000,2000,4438,2219,0.7519364999032282,0.8236103007314639,ok,
227,GM12878_Pbx3_None,2000,2000,1562,781,0.813656118997772,0.8847950934567946,ok,
228,GM12878_PML_None,2000,2000,6228,3114,0.8239592962604089,0.7900749366092344,ok,
229,GM12878_Pol2-4H8_None,2000,2000,8038,4019,0.8399175204169842,0.8099289633261664,ok,
230,GM12878_Pol2_None,2000,2000,10000,5000,0.92543014,0.9213835000000001,ok,
231,GM12878_POU2F2_None,2000,2000,4952,2476,0.7481058876033835,0.8267370798437211,ok,
232,GM12878_PU.1_None,2000,2000,8382,4191,0.7680086875325265,0.9083141426154294,ok,
233,GM12878_Rad21_None,2000,2000,5308,2654,0.6819620495772402,0.8446288152446805,ok,
234,GM12878_RUNX3_None,2000,2000,10000,5000,0.70617434,0.79943068,ok,
235,GM12878_RXRA_None,2000,2000,188,94,0.8059076505205975,0.868492530556813,ok,
236,GM12878_SIX5_None,2000,2000,780,390,0.9605785667324128,0.9720118343195266,ok,
237,GM12878_SP1_None,2000,2000,4022,2011,0.8096682814386612,0.8653024971310206,ok,
238,GM12878_SRF_None,2000,2000,1288,644,0.8417547548319895,0.906311484896416,ok,
239,GM12878_STAT5A_None,2000,2000,3148,1574,0.7790323700411226,0.7441670474305301,ok,
240,GM12878_TAF1_None,2000,2000,3314,1657,0.8856918710293996,0.8995459725551227,ok,
241,GM12878_TCF12_None,2000,2000,3704,1852,0.7877701533337376,0.8745495500748709,ok,
242,GM12878_TCF3_None,2000,2000,3504,1752,0.8199604887304268,0.8836989624382311,ok,
243,GM12878_USF-1_None,2000,2000,1848,924,0.8828111823241693,0.955852588969472,ok,
244,GM12878_YY1_None,2000,2000,6900,3450,0.7820769166141568,0.8386874606175173,ok,
245,GM12878_ZBTB33_None,2000,2000,366,183,0.930395055092717,0.9478037564573443,ok,
246,GM12878_ZEB1_None,2000,2000,1068,534,0.9077855629900826,0.9333136949599518,ok,
247,GM12891_PAX5-C20_None,2000,2000,498,249,0.7526975371364979,0.8620506120869018,ok,
248,GM12891_Pol2-4H8_None,2000,2000,4178,2089,0.8348517308173085,0.830178525229948,ok,
249,GM12891_Pol2_None,2000,2000,4362,2181,0.8331458107733392,0.8269718617353279,ok,
250,GM12891_POU2F2_None,2000,2000,3356,1678,0.7809253453157385,0.8538690776379736,ok,
251,GM12891_PU.1_None,2000,2000,8956,4478,0.7629865457067563,0.9125927241732246,ok,
252,GM12891_TAF1_None,2000,2000,2690,1345,0.9005356476555051,0.9070814388966433,ok,
253,GM12891_YY1_None,2000,2000,3044,1522,0.8655997623985314,0.9067349483095933,ok,
254,GM12892_PAX5-C20_None,2000,2000,2094,1047,0.8847756221669407,0.926987463157117,ok,
255,GM12892_Pol2-4H8_None,2000,2000,4768,2384,0.8408178052227377,0.8271168106166391,ok,
256,GM12892_Pol2_None,2000,2000,5744,2872,0.8816120830456002,0.8762219969390368,ok,
257,GM12892_TAF1_None,2000,2000,2028,1014,0.9390038475154542,0.940634859501496,ok,
258,GM12892_YY1_None,2000,2000,3358,1679,0.8416514694181461,0.8892903650567694,ok,
259,H1-hESC_ATF2_None,2000,2000,2474,1237,0.8150187985771506,0.7822730691838614,ok,
260,H1-hESC_ATF3_None,2000,2000,876,438,0.8435916682304372,0.932346072850858,ok,
261,H1-hESC_BCL11A_None,2000,2000,418,209,0.8056821043474279,0.9133490533641629,ok,
262,H1-hESC_CTCF_None,2000,2000,8292,4146,0.7176930716731253,0.862092069283036,ok,
263,H1-hESC_Egr-1_None,2000,2000,1910,955,0.9085343055289052,0.9316575751761189,ok,
264,H1-hESC_FOSL1_None,2000,2000,210,105,0.9000453514739228,0.9156462585034013,ok,
265,H1-hESC_GABP_None,2000,2000,1630,815,0.9460724904964432,0.9665565132297037,ok,
266,H1-hESC_HDAC2_None,2000,2000,1126,563,0.8187630336089649,0.8878502314106427,ok,
267,H1-hESC_JunD_None,2000,2000,1514,757,0.8255751253383219,0.8940256417863045,ok,
268,H1-hESC_NANOG_None,2000,2000,1116,558,0.7809701828085456,0.8901446538456598,ok,
269,H1-hESC_NRSF_None,2000,2000,2720,1360,0.7773191500865052,0.9032769247404844,ok,
270,H1-hESC_p300_None,2000,2000,2186,1093,0.8195285811983269,0.8733577812395106,ok,
271,H1-hESC_Pol2-4H8_None,2000,2000,4620,2310,0.8371523209834899,0.8437664211690186,ok,
272,H1-hESC_Pol2_None,2000,2000,6704,3352,0.8990911189700447,0.885167895702918,ok,
273,H1-hESC_POU5F1_None,2000,2000,764,382,0.8231339601436365,0.9332666319453962,ok,
274,H1-hESC_Rad21_None,2000,2000,10000,5000,0.6846859999999999,0.82089756,ok,
275,H1-hESC_RXRA_None,2000,2000,246,123,0.8003172714653976,0.9137418203450327,ok,
276,H1-hESC_Sin3Ak-20_None,2000,2000,2186,1093,0.8852822042290246,0.9058158505134144,ok,
277,H1-hESC_SIX5_None,2000,2000,548,274,0.9232111460386808,0.9530076189461345,ok,
278,H1-hESC_SP1_None,2000,2000,3340,1670,0.8086148660762309,0.859710997167342,ok,
279,H1-hESC_SP2_None,2000,2000,556,278,0.9548030640236013,0.9593835722788676,ok,
280,H1-hESC_SP4_None,2000,2000,2170,1085,0.9444940431948013,0.930290301344263,ok,
281,H1-hESC_SRF_None,2000,2000,946,473,0.857501709657666,0.9409441780010638,ok,
282,H1-hESC_TAF1_None,2000,2000,5708,2854,0.9467210971311609,0.9448713223649027,ok,
283,H1-hESC_TAF7_None,2000,2000,2482,1241,0.92959558620618,0.9308776616294856,ok,
284,H1-hESC_TCF12_None,2000,2000,1682,841,0.7897073440400633,0.8929958531333375,ok,
285,H1-hESC_TEAD4_None,2000,2000,4300,2150,0.754435262303948,0.8886736614386155,ok,
286,H1-hESC_USF-1_None,2000,2000,4456,2228,0.8111590408027102,0.9312818091275072,ok,
287,H1-hESC_YY1_None,2000,2000,4440,2220,0.805326779482185,0.8659871357844331,ok,
288,HCT-116_Pol2-4H8_None,2000,2000,9038,4519,0.8144259092231904,0.8200556760149336,ok,
289,HCT-116_YY1_None,2000,2000,2944,1472,0.8080761626447306,0.8883931208648393,ok,
290,HCT-116_ZBTB33_None,2000,2000,1108,554,0.8803809511397256,0.9190397372570995,ok,
291,HeLa-S3_GABP_None,2000,2000,1518,759,0.9240992152145272,0.9610037477368634,ok,
292,HeLa-S3_NRSF_None,2000,2000,2288,1144,0.7486295937454155,0.8844381143332193,ok,
293,HeLa-S3_Pol2_None,2000,2000,9442,4721,0.8620254424822934,0.8556228034828497,ok,
294,HeLa-S3_TAF1_None,2000,2000,4634,2317,0.890370642465692,0.8882493751966335,ok,
295,HepG2_ATF3_None,2000,2000,484,242,0.8716446964005191,0.9398435899187214,ok,
296,HepG2_BHLHE40_None,2000,2000,432,216,0.7888588820301782,0.9305769890260631,ok,
297,HepG2_CEBPB_None,2000,2000,2640,1320,0.7290392561983471,0.8849411730945822,ok,
298,HepG2_CEBPD_None,2000,2000,2144,1072,0.824735638505235,0.8998767821341056,ok,
299,HepG2_CTCF_None,2000,2000,7518,3759,0.7134735108737168,0.8669102109181116,ok,
300,HepG2_ELF1_None,2000,2000,2968,1484,0.8382681214173102,0.9063619306747264,ok,
301,HepG2_FOSL2_None,2000,2000,4322,2161,0.729467907487086,0.8704589435238841,ok,
302,HepG2_FOXA1_None,2000,2000,8360,4180,0.7183690563402853,0.8455908175179139,ok,
303,HepG2_FOXA1_None,2000,2000,9932,4966,0.7188100793004188,0.8571890547223333,ok,
304,HepG2_FOXA2_None,2000,2000,8046,4023,0.7152465790014649,0.8554982662763927,ok,
305,HepG2_GABP_None,2000,2000,2200,1100,0.9598099173553719,0.9749347107438017,ok,
306,HepG2_HDAC2_None,2000,2000,4364,2182,0.7420958790403275,0.8205042548776297,ok,
307,HepG2_HNF4A_None,2000,2000,3656,1828,0.7526354267916054,0.8919949341390191,ok,
308,HepG2_HNF4G_None,2000,2000,4088,2044,0.7581371519333948,0.8772655923882032,ok,
309,HepG2_JunD_None,2000,2000,3880,1940,0.750170448506749,0.8690339037092145,ok,
310,HepG2_MBD4_None,2000,2000,1978,989,0.7493960358687728,0.7070853197099336,ok,
311,HepG2_MYBL2_None,2000,2000,6496,3248,0.7607369502869519,0.7247978672741391,ok,
312,HepG2_NFIC_None,2000,2000,5570,2785,0.7478407343778708,0.7328734016870321,ok,
313,HepG2_NRSF_None,2000,2000,1058,529,0.908998324048299,0.9646513555912107,ok,
314,HepG2_NRSF_None,2000,2000,3362,1681,0.8255730049356615,0.8659116959997679,ok,
315,HepG2_p300_None,2000,2000,6202,3101,0.6974182943971325,0.8151648452439794,ok,
316,HepG2_Pol2-4H8_None,2000,2000,4480,2240,0.870859375,0.8563825334821429,ok,
317,HepG2_Pol2_None,2000,2000,6566,3283,0.9160866086743206,0.9166865758855767,ok,
318,HepG2_Rad21_None,2000,2000,8166,4083,0.6942659146731767,0.8319044353303534,ok,
319,HepG2_RXRA_None,2000,2000,3520,1760,0.7487212680785125,0.8529800490702479,ok,
320,HepG2_Sin3Ak-20_None,2000,2000,4552,2276,0.8958927264247393,0.8940006092457089,ok,
321,HepG2_SP1_None,2000,2000,5934,2967,0.7517094851591298,0.8305906029122277,ok,
322,HepG2_SP2_None,2000,2000,400,200,0.90345,0.9702,ok,
323,HepG2_SRF_None,2000,2000,658,329,0.7974150275773506,0.9065141674596503,ok,
324,HepG2_TAF1_None,2000,2000,4038,2019,0.9679362303780259,0.9722264539377156,ok,
325,HepG2_TCF12_None,2000,2000,374,187,0.7667362521090109,0.9151534216019903,ok,
326,HepG2_TEAD4_None,2000,2000,4308,2154,0.7066284876057068,0.7500546369648486,ok,
327,HepG2_USF-1_None,2000,2000,3166,1583,0.8213937249415277,0.9379036741052776,ok,
328,HepG2_YY1_None,2000,2000,4168,2084,0.9093523086048165,0.9268314753482338,ok,
329,HepG2_ZBTB33_None,2000,2000,462,231,0.8414759843331272,0.9182736455463728,ok,
330,HepG2_ZBTB7A_None,2000,2000,1232,616,0.897495361781076,0.9336471158711417,ok,
331,HUVEC_Pol2-4H8_None,2000,2000,10000,5000,0.78893696,0.80493598,ok,
332,HUVEC_Pol2_None,2000,2000,6932,3466,0.8591403458008868,0.8439212809689645,ok,
333,K562_ATF3_None,2000,2000,2422,1211,0.777505743184039,0.897663586133441,ok,
334,K562_BCL3_None,2000,2000,180,90,0.7495061728395062,0.8108641975308643,ok,
335,K562_BCLAF1_None,2000,2000,862,431,0.8419097657743013,0.8511259090982499,ok,
336,K562_CBX3_None,2000,2000,6182,3091,0.7235077657858293,0.7208266639844485,ok,
337,K562_CEBPB_None,2000,2000,4952,2476,0.6685963929001125,0.7902896073713139,ok,
338,K562_CTCF_None,2000,2000,7424,3712,0.7345773739990525,0.8699718933468341,ok,
339,K562_CTCFL_None,2000,2000,1280,640,0.8631787109375,0.9428784179687499,ok,
340,K562_E2F6_None,2000,2000,5164,2582,0.9043950222028091,0.9340814168998147,ok,
341,K562_Egr-1_None,2000,2000,6016,3008,0.8546164682301098,0.9196363443052569,ok,
342,K562_ELF1_None,2000,2000,4890,2445,0.8429254645137818,0.9091776130076404,ok,
343,K562_ETS1_None,2000,2000,2398,1199,0.9276927325454003,0.9411484827848619,ok,
344,K562_FOSL1_None,2000,2000,1754,877,0.8228437622297431,0.9494961183364559,ok,
345,K562_GABP_None,2000,2000,2968,1484,0.8608901508271518,0.9041328528563438,ok,
346,K562_GATA2_None,2000,2000,3402,1701,0.71353089322911,0.8555597720468059,ok,
347,K562_HDAC2_None,2000,2000,1058,529,0.7805182228479745,0.8717807612179773,ok,
348,K562_Max_None,2000,2000,10000,5000,0.83253724,0.8707623,ok,
349,K562_MEF2A_None,2000,2000,738,369,0.7146319430673982,0.8722027599679791,ok,
350,K562_NR2F2_None,2000,2000,4280,2140,0.7178230631496201,0.7681953664075465,ok,
351,K562_NRSF_None,2000,2000,2582,1291,0.7450705923929055,0.8482517050353368,ok,
352,K562_PML_None,2000,2000,4910,2455,0.7902362276579241,0.7921068852377418,ok,
353,K562_Pol2-4H8_None,2000,2000,4802,2401,0.7886408394669652,0.8328174727974131,ok,
354,K562_Pol2_None,2000,2000,8830,4415,0.9172069376379556,0.9106000212905403,ok,
355,K562_PU.1_None,2000,2000,4084,2042,0.7930039925520964,0.926381924732431,ok,
356,K562_Rad21_None,2000,2000,4290,2145,0.7274371471574268,0.8822163539646057,ok,
357,K562_Sin3Ak-20_None,2000,2000,2170,1085,0.9343277623224107,0.9395553101573617,ok,
358,K562_SIX5_None,2000,2000,642,321,0.9659164798478275,0.9735639211575975,ok,
359,K562_SP1_None,2000,2000,1266,633,0.8902091147997576,0.9272166193731298,ok,
360,K562_SP2_None,2000,2000,448,224,0.964584661989796,0.9789142219387755,ok,
361,K562_SRF_None,2000,2000,640,320,0.8535351562500001,0.9059667968749999,ok,
362,K562_STAT5A_None,2000,2000,2404,1202,0.693288501416109,0.8134034097358533,ok,
363,K562_TAF1_None,2000,2000,3184,1592,0.9255475713997121,0.9292682792101209,ok,
364,K562_TAF7_None,2000,2000,646,323,0.8218807809909037,0.8278331048893404,ok,
365,K562_TEAD4_None,2000,2000,7356,3678,0.6650406677151832,0.7656041862006829,ok,
366,K562_THAP1_None,2000,2000,628,314,0.9612661771268612,0.9697756501277942,ok,
367,K562_TRIM28_None,2000,2000,3536,1768,0.7179524502979053,0.7504443628304088,ok,
368,K562_USF-1_None,2000,2000,3280,1640,0.8141178985722783,0.9329852022605593,ok,
369,K562_YY1_None,2000,2000,2392,1196,0.9206398698001143,0.9471440476057313,ok,
370,K562_YY1_None,2000,2000,4464,2232,0.8496784511054587,0.8971740069500648,ok,
371,K562_ZBTB33_None,2000,2000,488,244,0.9142535608707337,0.9410776672937383,ok,
372,K562_ZBTB7A_None,2000,2000,4894,2447,0.9328250116194422,0.9439623909179468,ok,
373,PANC-1_NRSF_None,2000,2000,1040,520,0.8650480769230771,0.923905325443787,ok,
374,PANC-1_Pol2-4H8_None,2000,2000,1792,896,0.8367434131855866,0.8299884406887755,ok,
375,PANC-1_Sin3Ak-20_None,2000,2000,1276,638,0.9622153870343255,0.9579996265759967,ok,
376,PFSK-1_FOXP2_None,2000,2000,4926,2463,0.8584489337855973,0.9107143004324333,ok,
377,PFSK-1_NRSF_None,2000,2000,3480,1740,0.7700688664288546,0.8333351499537587,ok,
378,PFSK-1_Sin3Ak-20_None,2000,2000,1500,750,0.8416480000000002,0.8457226666666666,ok,
379,PFSK-1_TAF1_None,2000,2000,1530,765,0.8726028450595926,0.8500380195651246,ok,
380,SK-N-MC_FOXP2_None,2000,2000,7010,3505,0.7700028693470302,0.8373715967203974,ok,
381,SK-N-MC_Pol2-4H8_None,2000,2000,7666,3833,0.775105127734085,0.7971605285065793,ok,
382,SK-N-SH_NRSF_None,2000,2000,3904,1952,0.8259928866568127,0.8860197244104407,ok,
383,SK-N-SH_NRSF_None,2000,2000,2194,1097,0.7685915594781159,0.871031378359311,ok,
384,SK-N-SH_Pol2-4H8_None,2000,2000,7524,3762,0.7666947956862336,0.7896544278228153,ok,
385,SK-N-SH_RA_CTCF_None,2000,2000,5046,2523,0.7334570308296451,0.8820520651150909,ok,
386,SK-N-SH_RA_p300_None,2000,2000,10000,5000,0.70405044,0.7772423599999999,ok,
387,SK-N-SH_RA_Rad21_None,2000,2000,10000,5000,0.65599474,0.7924886,ok,
388,SK-N-SH_RA_USF1_None,2000,2000,3496,1748,0.8124113075944264,0.9281041687394288,ok,
389,SK-N-SH_RA_YY1_None,2000,2000,3848,1924,0.8281330366829327,0.8740347876262637,ok,
390,SK-N-SH_Sin3Ak-20_None,2000,2000,4096,2048,0.8264384269714355,0.856090784072876,ok,
391,SK-N-SH_TAF1_None,2000,2000,2974,1487,0.9063533814014215,0.9222054035670725,ok,
392,T-47D_CTCF_DMSO_0.02pct,2000,2000,6202,3101,0.7490091981230425,0.8921915213710695,ok,
393,T-47D_ERalpha_BPA_100nM,2000,2000,876,438,0.736118929963929,0.8551687829694962,ok,
394,T-47D_ERalpha_Genistein_100nM,2000,2000,2706,1353,0.7111070687405121,0.8269422907895678,ok,
395,T-47D_ERalpha_Estradiol_10nM,2000,2000,2684,1342,0.7160967681752662,0.81961577244187,ok,
396,T-47D_FOXA1_DMSO_0.02pct,2000,2000,8912,4456,0.6838603579302431,0.8287569520772027,ok,
397,T-47D_GATA3_DMSO_0.02pct,2000,2000,10000,5000,0.65514142,0.7491221,ok,
398,T-47D_p300_DMSO_0.02pct,2000,2000,4156,2078,0.7123026092127898,0.7851118690604443,ok,
399,U87_NRSF_None,2000,2000,3156,1578,0.8895519187304525,0.9305011397205877,ok,
400,U87_Pol2-4H8_None,2000,2000,7558,3779,0.8047192738859007,0.7936795529058828,ok,
401,A549_BHLHE40_None,2000,2000,738,369,0.8558618106506268,0.9163490279889248,ok,
402,A549_CEBPB_None,2000,2000,9582,4791,0.7327389667914266,0.898337852652043,ok,
403,A549_Max_None,2000,2000,2820,1410,0.8985030934057643,0.9162154821186058,ok,
404,A549_Pol2(phosphoS2)_None,2000,2000,1534,767,0.554413732026266,0.5710628619607029,ok,
405,A549_Rad21_None,2000,2000,4890,2445,0.7438972737651649,0.8899351374408772,ok,
406,GM08714_ZNF274_None,2000,2000,188,94,0.9772521502942508,0.9498641919420553,ok,
407,GM10847_NFKB_TNFa,2000,2000,2716,1358,0.8009580492841202,0.8325984023112911,ok,
408,GM10847_Pol2_None,2000,2000,2776,1388,0.9781728317650674,0.9737724650981239,ok,
409,GM12878_BHLHE40_None,2000,2000,3602,1801,0.7849898924066184,0.8541272493133403,ok,
410,GM12878_BRCA1_None,1360,1360,78,39,0.9934253780407627,0.9921104536489153,ok,retry: trained on 1360 clean examples per class (maximum available balanced sample)
411,GM12878_c-Fos_None,2000,2000,300,150,0.9405333333333333,0.9784444444444444,ok,
412,GM12878_CHD1_None,2000,2000,2038,1019,0.8239928117485151,0.7775609831262924,ok,
413,GM12878_CHD2_None,2000,2000,4390,2195,0.8248148359545664,0.8509501299806456,ok,
414,GM12878_COREST_None,2000,2000,590,295,0.8337833955759839,0.8138810686584315,ok,
415,GM12878_CTCF_None,2000,2000,8630,4315,0.6976433766711558,0.841140246170289,ok,
416,GM12878_E2F4_None,2000,2000,768,384,0.9518093532986112,0.95343017578125,ok,
417,GM12878_EBF1_None,2000,2000,8324,4162,0.7366592053546872,0.8307722717680227,ok,
418,GM12878_ELK1_None,2000,2000,1450,725,0.9149945303210465,0.9173479191438763,ok,
419,GM12878_IKZF1_None,2000,2000,3846,1923,0.8096231701582156,0.7295003500608044,ok,
420,GM12878_JunD_None,2000,2000,664,332,0.7848018580345478,0.9207250689505007,ok,
421,GM12878_Max_None,2000,2000,4118,2059,0.8839761282100334,0.8840650541894162,ok,
422,GM12878_MAZ_None,2000,2000,6220,3110,0.8767842040508266,0.8720612379938173,ok,
423,GM12878_Mxi1_None,2000,2000,6066,3033,0.8403558765438621,0.8368683029373888,ok,
424,GM12878_NF-E2_None,1726,1726,138,69,0.9203948750262549,0.9287964713295527,ok,retry: trained on 1726 clean examples per class (maximum available balanced sample)
425,GM12878_NFKB_TNFa,2000,2000,4936,2468,0.7575597305149349,0.8115531969665528,ok,
426,GM12878_NF-YA_None,2000,2000,320,160,0.95734375,0.9507421875000001,ok,
427,GM12878_NF-YB_None,2000,2000,3664,1832,0.8663813857477928,0.8822551772468108,ok,
428,GM12878_Nrf1_None,2000,2000,1050,525,0.9719183673469388,0.9765913832199546,ok,
429,GM12878_p300_None,2000,2000,1954,977,0.7804980257278721,0.8569016761146073,ok,
430,GM12878_p300_None,2000,2000,5458,2729,0.7425290109716882,0.7975624110348776,ok,
431,GM12878_Pol2_None,2000,2000,6382,3191,0.8574860095491462,0.8431958282072904,ok,
432,GM12878_Pol2(phosphoS2)_None,2000,2000,3546,1773,0.8803446699553273,0.8648418703947061,ok,
433,GM12878_Pol2_None,2000,2000,2672,1336,0.9301704413030226,0.924233680841909,ok,
434,GM12878_Pol3_None,518,518,4,2,0.75,0.75,ok,retry: low-positive test set (n_positive=2); AUC is highly uncertain
435,GM12878_Rad21_None,2000,2000,6800,3400,0.6924039792387544,0.8529475346020761,ok,
436,GM12878_RFX5_None,2000,2000,1050,525,0.834227664399093,0.8763174603174604,ok,
437,GM12878_SIN3A_None,2000,2000,4030,2015,0.9057803446853314,0.8839250287853506,ok,
438,GM12878_SMC3_None,2000,2000,6932,3466,0.7169740824143132,0.8585574848108191,ok,
439,GM12878_STAT1_None,2000,2000,674,337,0.8846075953825427,0.8495364051809913,ok,
440,GM12878_STAT3_None,2000,2000,2262,1131,0.7571388589864764,0.7540684870786398,ok,
441,GM12878_TBLR1_None,2000,2000,4602,2301,0.7663628477386681,0.782845298446474,ok,
442,GM12878_TBP_None,2000,2000,4254,2127,0.7868915762569988,0.7904140222349981,ok,
443,GM12878_TR4_None,2000,2000,412,206,0.9480629654067302,0.9513620510886983,ok,
444,GM12878_USF2_None,2000,2000,1936,968,0.8380655137968718,0.9250937009084079,ok,
445,GM12878_WHIP_None,2000,2000,4372,2186,0.7521952054536521,0.7382299110450015,ok,
446,GM12878_YY1_None,2000,2000,652,326,0.8188866724378036,0.8472938386841807,ok,
447,GM12878_Znf143_None,2000,2000,4500,2250,0.7902129382716049,0.894266864197531,ok,
448,GM12878_ZNF274_None,1112,1112,102,51,0.6170703575547867,0.6136101499423299,ok,retry: trained on 1112 clean examples per class (maximum available balanced sample)
449,GM12878_ZZZ3_None,2000,2000,214,107,0.9744955891344222,0.9123940955541968,ok,
450,GM12891_NFKB_TNFa,2000,2000,8394,4197,0.7451936038591166,0.8036086000137724,ok,
451,GM12891_Pol2_None,2000,2000,6256,3128,0.8601536386961101,0.833302535959341,ok,
452,GM12892_NFKB_TNFa,2000,2000,2442,1221,0.8140086702740266,0.8539381463214388,ok,
453,GM12892_Pol2_None,2000,2000,6126,3063,0.9042001737588348,0.8987293605425473,ok,
454,GM15510_NFKB_TNFa,2000,2000,3980,1990,0.8278284639276786,0.8448338425797329,ok,
455,GM15510_Pol2_None,2000,2000,4938,2469,0.9417269073735872,0.9412663565268873,ok,
456,GM18505_NFKB_TNFa,2000,2000,2804,1402,0.7776065270522445,0.8263643134629355,ok,
457,GM18505_Pol2_None,2000,2000,6704,3352,0.8841711356736404,0.8744786356309203,ok,
458,GM18526_NFKB_TNFa,2000,2000,822,411,0.860627157073425,0.8742725889617041,ok,
459,GM18526_Pol2_None,2000,2000,4222,2111,0.9426726665336721,0.9449051134332558,ok,
460,GM18951_NFKB_TNFa,2000,2000,3738,1869,0.7647322868885803,0.821023422624952,ok,
461,GM18951_Pol2_None,2000,2000,6338,3169,0.9292901979883419,0.9252738420010592,ok,
462,GM19099_NFKB_TNFa,2000,2000,2030,1015,0.7869737193331553,0.8682996432818073,ok,
463,GM19099_Pol2_None,2000,2000,6034,3017,0.8941044939355365,0.8877999259307192,ok,
464,GM19193_NFKB_TNFa,2000,2000,1382,691,0.7838814528745647,0.8753604855481161,ok,
465,GM19193_Pol2_None,2000,2000,6082,3041,0.9190671693800857,0.9160737162105829,ok,
466,H1-hESC_Bach1_None,2000,2000,3094,1547,0.859458158480935,0.9057403678491932,ok,
467,H1-hESC_BRCA1_None,2000,2000,400,200,0.9024500000000001,0.9259499999999998,ok,
468,H1-hESC_CEBPB_None,2000,2000,3412,1706,0.7213297251683253,0.893223730052817,ok,
469,H1-hESC_CHD1_None,2000,2000,610,305,0.9291158290782048,0.8849986562751948,ok,
470,H1-hESC_CHD2_None,2000,2000,1412,706,0.913690022390036,0.934001556869889,ok,
471,H1-hESC_c-Jun_None,2000,2000,494,247,0.8004392794505729,0.9082102640594012,ok,
472,H1-hESC_c-Myc_None,2000,2000,1042,521,0.9011976820008768,0.9299111040704979,ok,
473,H1-hESC_CtBP2_None,2000,2000,3354,1677,0.916392783347894,0.8951650038100095,ok,
474,H1-hESC_GTF2F1_None,2000,2000,988,494,0.9253470799390253,0.9305922077070595,ok,
475,H1-hESC_JunD_None,2000,2000,2598,1299,0.7730471298760637,0.8609500646260136,ok,
476,H1-hESC_MafK_None,2000,2000,2848,1424,0.7655051642785002,0.8822399515528341,ok,
477,H1-hESC_Max_None,2000,2000,2898,1449,0.799530958501163,0.871230771941907,ok,
478,H1-hESC_Mxi1_None,2000,2000,1684,842,0.904749747518915,0.9199585592498348,ok,
479,H1-hESC_Nrf1_None,2000,2000,720,360,0.9817978395061728,0.990733024691358,ok,
480,H1-hESC_Rad21_None,2000,2000,10000,5000,0.6782674000000001,0.8327809199999999,ok,
481,H1-hESC_RFX5_None,2000,2000,434,217,0.8052411391195395,0.8827751704219668,ok,
482,H1-hESC_SIN3A_None,2000,2000,7834,3917,0.8858529837503223,0.8786256942874318,ok,
483,H1-hESC_SUZ12_None,2000,2000,1336,668,0.9569991753020904,0.9519837570368245,ok,
484,H1-hESC_TBP_None,2000,2000,4368,2184,0.9141041155120825,0.9232449574997652,ok,
485,H1-hESC_USF2_None,2000,2000,1488,744,0.8659789065209851,0.946455153775003,ok,
486,H1-hESC_Znf143_None,2000,2000,7454,3727,0.7475494273832191,0.8442092450186742,ok,
487,HCT-116_Pol2_None,2000,2000,4870,2435,0.9267580501667587,0.914961483161796,ok,
488,HCT-116_TCF7L2_None,2000,2000,6170,3085,0.7817907005455897,0.8412496289622238,ok,
489,HEK293_ELK4_None,2000,2000,452,226,0.8388479912287571,0.8328764977680321,ok,
490,HEK293_KAP1_None,2000,2000,8500,4250,0.7345233771626297,0.666454089965398,ok,
491,HEK293_Pol2_None,2000,2000,2818,1409,0.9848494998944733,0.9819436140274349,ok,
492,HEK293_TCF7L2_None,2000,2000,3410,1705,0.8080448224559471,0.7765545531944171,ok,
493,HEK293-T-REx_ZNF263_None,2000,2000,10000,5000,0.8549809199999999,0.8319993,ok,
494,HeLa-S3_AP-2alpha_None,2000,2000,8074,4037,0.7999724679486608,0.7860584429302668,ok,
495,HeLa-S3_AP-2gamma_None,2000,2000,10000,5000,0.7986906600000001,0.7864849,ok,
496,HeLa-S3_BAF155_None,2000,2000,3946,1973,0.7980501596694761,0.7486023301390874,ok,
497,HeLa-S3_BAF170_None,2000,2000,888,444,0.8286969401834267,0.8165327489651815,ok,
498,HeLa-S3_BDP1_None,1082,1082,66,33,0.8640955004591369,0.8191000918273645,ok,retry: trained on 1082 clean examples per class (maximum available balanced sample)
499,HeLa-S3_BRCA1_None,2000,2000,2130,1065,0.7765923868720932,0.844342171967643,ok,
500,HeLa-S3_BRF1_None,460,460,12,6,0.4722222222222222,0.5555555555555556,ok,retry: low-positive test set (n_positive=6); AUC is highly uncertain
501,HeLa-S3_BRF2_None,740,740,28,14,0.5663265306122449,0.6122448979591837,ok,retry: trained on 740 clean examples per class (maximum available balanced sample)
502,HeLa-S3_Brg1_None,2000,2000,532,266,0.7844564418565211,0.7240516705297078,ok,
503,HeLa-S3_CEBPB_None,2000,2000,10000,5000,0.64400988,0.8013687199999999,ok,
504,HeLa-S3_c-Fos_None,2000,2000,2170,1085,0.8001567245004141,0.9253702563231329,ok,
505,HeLa-S3_CHD2_None,2000,2000,6506,3253,0.8251361816078592,0.8589394981614549,ok,
506,HeLa-S3_c-Jun_None,2000,2000,6930,3465,0.7600428944151888,0.8479450868195456,ok,
507,HeLa-S3_c-Myc_None,2000,2000,3114,1557,0.8158959743821694,0.8605236095797091,ok,
508,HeLa-S3_COREST_None,2000,2000,6130,3065,0.7567321412889302,0.7838885591946115,ok,
509,HeLa-S3_E2F1_None,2000,2000,1472,736,0.9604852168005672,0.970546210420605,ok,
510,HeLa-S3_E2F4_None,2000,2000,1140,570,0.947229916897507,0.9368421052631579,ok,
511,HeLa-S3_E2F6_None,2000,2000,2098,1049,0.951087830708987,0.944611100862322,ok,
512,HeLa-S3_ELK1_None,2000,2000,1490,745,0.9183622359353182,0.9384802486374488,ok,
513,HeLa-S3_ELK4_None,2000,2000,2340,1170,0.8903849806413909,0.884762948352692,ok,
514,HeLa-S3_GTF2F1_None,2000,2000,4802,2401,0.7871903991135167,0.7913732841775457,ok,
515,HeLa-S3_HA-E2F1_None,2000,2000,2554,1277,0.9805890494373988,0.9843677275623356,ok,
516,HeLa-S3_Ini1_None,2000,2000,3454,1727,0.9240993130326646,0.8985270553949348,ok,
517,HeLa-S3_IRF3_None,2000,2000,302,151,0.9285996228235603,0.9359677207140038,ok,
518,HeLa-S3_JunD_None,2000,2000,8838,4419,0.7350558525972598,0.847212562797781,ok,
519,HeLa-S3_MafK_None,2000,2000,4306,2153,0.718539938978416,0.8227500529079526,ok,
520,HeLa-S3_Max_None,2000,2000,9898,4949,0.7865383917371618,0.8139045951060895,ok,
521,HeLa-S3_MAZ_None,2000,2000,5452,2726,0.9205088872728524,0.9199229694326907,ok,
522,HeLa-S3_Mxi1_None,2000,2000,4316,2158,0.8665233400988284,0.8656199618463876,ok,
523,HeLa-S3_NF-YA_None,2000,2000,1690,845,0.9062511816813137,0.9132621406813486,ok,
524,HeLa-S3_NF-YB_None,2000,2000,1744,872,0.8467419093510647,0.8843781562999748,ok,
525,HeLa-S3_Nrf1_None,2000,2000,620,310,0.9432466181061394,0.9449011446409988,ok,
526,HeLa-S3_p300_None,2000,2000,7980,3990,0.7077774323025607,0.7994563162291695,ok,
527,HeLa-S3_Pol2(phosphoS2)_None,2000,2000,5070,2535,0.8823698983462298,0.8762151963244362,ok,
528,HeLa-S3_Pol2_None,2000,2000,7138,3569,0.9384315265453638,0.9243442784018321,ok,
529,HeLa-S3_PRDM1_None,2000,2000,1260,630,0.8108390022675735,0.8876467624086672,ok,
530,HeLa-S3_Rad21_None,2000,2000,8076,4038,0.6407734435198452,0.7944389922776711,ok,
531,HeLa-S3_RFX5_None,2000,2000,5670,2835,0.6839640547577055,0.7661687336114145,ok,
532,HeLa-S3_RPC155_None,2000,2000,970,485,0.8897863747475822,0.8554958018918056,ok,
533,HeLa-S3_SMC3_None,2000,2000,8468,4234,0.67895616474057,0.8161398247401817,ok,
534,HeLa-S3_SPT20_None,2000,2000,426,213,0.7226079481584341,0.7157089642707576,ok,
535,HeLa-S3_STAT1_IFNg30,2000,2000,6504,3252,0.7553367196494843,0.7463997933337267,ok,
536,HeLa-S3_STAT3_None,2000,2000,4732,2366,0.7266245036581209,0.8063252015557106,ok,
537,HeLa-S3_TBP_None,2000,2000,5734,2867,0.7727693833671809,0.7917623160681626,ok,
538,HeLa-S3_TCF7L2_None,2000,2000,8656,4328,0.7439400746888251,0.7260665195212535,ok,
539,HeLa-S3_TCF7L2_None,2000,2000,1560,780,0.7722140039447731,0.7228311965811967,ok,
540,HeLa-S3_TFIIIC-110_None,2000,2000,814,407,0.8754293717438681,0.8859093625678393,ok,
541,HeLa-S3_TR4_None,2000,2000,638,319,0.8533033283871031,0.8740676683601772,ok,
542,HeLa-S3_USF2_None,2000,2000,3252,1626,0.7750753061036146,0.8684040023057057,ok,
543,HeLa-S3_ZKSCAN1_None,2000,2000,1610,805,0.8788071447860808,0.8742594807299101,ok,
544,HeLa-S3_Znf143_None,2000,2000,1800,900,0.8860172839506172,0.9202530864197532,ok,
545,HeLa-S3_ZNF274_None,482,482,4,2,0.75,0.75,ok,retry: low-positive test set (n_positive=2); AUC is highly uncertain
546,HeLa-S3_ZZZ3_None,796,796,88,44,0.931301652892562,0.9338842975206613,ok,retry: trained on 796 clean examples per class (maximum available balanced sample)
547,HepG2_ARID3A_None,2000,2000,4716,2358,0.6873205538541668,0.7470301235718946,ok,
548,HepG2_BHLHE40_None,2000,2000,3016,1508,0.8071386733179013,0.8825222157335941,ok,
549,HepG2_BRCA1_None,2000,2000,190,95,0.9554570637119113,0.950027700831025,ok,
550,HepG2_CEBPB_forskolin,2000,2000,3120,1560,0.7218148011176857,0.8711030982905983,ok,
551,HepG2_CEBPB_None,2000,2000,9354,4677,0.7069611598143193,0.8987875239510204,ok,
552,HepG2_CHD2_None,2000,2000,912,456,0.9360620575561711,0.9557171437365344,ok,
553,HepG2_c-Jun_None,2000,2000,2612,1306,0.7882502480013323,0.914925576148721,ok,
554,HepG2_COREST_None,2000,2000,1106,553,0.8437161757829233,0.8694806235264495,ok,
555,HepG2_ERRA_forskolin,2000,2000,198,99,0.8622589531680441,0.9218447097234976,ok,
556,HepG2_GRp20_forskolin,1734,1734,146,73,0.9906173766185026,0.988553199474573,ok,retry: trained on 1734 clean examples per class (maximum available balanced sample)
557,HepG2_HNF4A_forskolin,2000,2000,2448,1224,0.7909537998205818,0.8982492711136743,ok,
558,HepG2_HSF1_forskolin,2000,2000,242,121,0.8674270883136398,0.9284884912232771,ok,
559,HepG2_IRF3_None,1636,1636,92,46,0.9744801512287333,0.975897920604915,ok,retry: trained on 1636 clean examples per class (maximum available balanced sample)
560,HepG2_JunD_None,2000,2000,6740,3370,0.7694949766221417,0.924712685680071,ok,
561,HepG2_MafF_None,2000,2000,7918,3959,0.7438009297241663,0.8793427657485181,ok,
562,HepG2_MafK_None,2000,2000,10000,5000,0.74290404,0.8760626199999999,ok,
563,HepG2_MafK_None,2000,2000,7452,3726,0.7242577221359301,0.8769261581511187,ok,
564,HepG2_Max_None,2000,2000,2664,1332,0.9029499657314973,0.9260747233720206,ok,
565,HepG2_MAZ_None,2000,2000,3008,1504,0.9245443003055681,0.9337268171401086,ok,
566,HepG2_Mxi1_None,2000,2000,5398,2699,0.86821000903138,0.8897101570834147,ok,
567,HepG2_Nrf1_None,2000,2000,368,184,0.9685727788279773,0.9868560964083176,ok,
568,HepG2_p300_None,2000,2000,1818,909,0.7508208466611237,0.8039577335071242,ok,
569,HepG2_PGC1A_forskolin,2000,2000,282,141,0.81515014335295,0.8128363764398169,ok,
570,HepG2_Pol2_forskolin,2000,2000,4392,2196,0.9357119958128872,0.9362732290204745,ok,
571,HepG2_Pol2_None,2000,2000,4830,2415,0.8891693993287297,0.8805477326406302,ok,
572,HepG2_Pol2(phosphoS2)_None,2000,2000,952,476,0.7573352870559988,0.760963208812937,ok,
573,HepG2_Rad21_None,2000,2000,6764,3382,0.7001100024794709,0.863946245839717,ok,
574,HepG2_RFX5_None,2000,2000,1136,568,0.8324520184487205,0.8813634447530252,ok,
575,HepG2_SMC3_None,2000,2000,6382,3191,0.696942621351319,0.8476240711865801,ok,
576,NA_NA_NA,2000,2000,560,280,0.9533545918367347,0.9575637755102041,ok,
577,HepG2_TBP_None,2000,2000,3112,1556,0.8775021312309594,0.8840932520932322,ok,
578,HepG2_TCF7L2_None,2000,2000,1192,596,0.841029120309896,0.730428809513085,ok,
579,HepG2_TR4_None,2000,2000,614,307,0.9121794395696506,0.9438084223705291,ok,
580,HepG2_USF2_None,2000,2000,1204,602,0.8866955110870741,0.9678949459718987,ok,
581,HepG2_ZNF274_None,974,974,10,5,0.11999999999999997,0.36000000000000004,ok,retry: low-positive test set (n_positive=5); AUC is highly uncertain
582,HUVEC_c-Fos_None,2000,2000,10000,5000,0.74390354,0.80781356,ok,
583,HUVEC_c-Jun_None,2000,2000,7400,3700,0.7499736669101534,0.8839078524470416,ok,
584,HUVEC_GATA-2_None,2000,2000,10000,5000,0.7188435799999999,0.7469870799999999,ok,
585,HUVEC_Max_None,2000,2000,1744,872,0.8741385931318914,0.9503803341469573,ok,
586,HUVEC_Pol2_None,2000,2000,3428,1714,0.8602098307710951,0.8490160651045886,ok,
587,IMR90_CEBPB_None,2000,2000,10000,5000,0.68040964,0.84684364,ok,
588,IMR90_CTCF_None,2000,2000,8138,4069,0.7007999934286664,0.8522734911737868,ok,
589,IMR90_MafK_None,2000,2000,9008,4504,0.7287266262631361,0.8621946024295751,ok,
590,IMR90_Pol2_None,2000,2000,6398,3199,0.8525845398897222,0.8369381901834946,ok,
591,IMR90_Rad21_None,2000,2000,6582,3291,0.6789388405031964,0.825473485923923,ok,
592,K562_ARID3A_None,2000,2000,2200,1100,0.663698347107438,0.7269028925619835,ok,
593,K562_ATF1_None,2000,2000,2606,1303,0.7402749661475466,0.8753346224457522,ok,
594,K562_ATF3_None,2000,2000,252,126,0.9411690602166792,0.9506172839506173,ok,
595,K562_Bach1_None,2000,2000,848,424,0.8659275987896048,0.8991578408686365,ok,
596,K562_BDP1_None,1184,1184,28,14,0.9540816326530612,0.9336734693877551,ok,retry: trained on 1184 clean examples per class (maximum available balanced sample)
597,K562_BHLHE40_None,2000,2000,5072,2536,0.7991234581645752,0.8664192256117584,ok,
598,K562_BRF1_None,,,0,0,,,not_evaluable_no_test_positives,0 positive examples in forward test split; ROC AUC is undefined
599,K562_BRF2_None,2000,2000,118,59,0.5966676242459064,0.6975007181844298,ok,
600,K562_Brg1_None,2000,2000,854,427,0.694963500046619,0.6402327660438001,ok,
601,K562_CCNT2_None,2000,2000,6218,3109,0.8557601733354673,0.8712741756286881,ok,
602,K562_CEBPB_None,2000,2000,7468,3734,0.7022635983875785,0.8612021540074286,ok,
603,K562_c-Fos_None,2000,2000,1222,611,0.8588399795350382,0.9574253792312781,ok,
604,K562_CHD2_None,2000,2000,1516,758,0.9287372686071526,0.9439139939153862,ok,
605,K562_c-Jun_IFNa30,2000,2000,1648,824,0.76178760368555,0.8954801053350929,ok,
606,K562_c-Jun_IFNa6h,2000,2000,1220,610,0.7979226014512226,0.9065708142972319,ok,
607,K562_c-Jun_IFNg30,2000,2000,2118,1059,0.7782815758804652,0.8766742370133779,ok,
608,K562_c-Jun_IFNg6h,2000,2000,1718,859,0.784291776045189,0.870523160238575,ok,
609,K562_c-Jun_None,2000,2000,1510,755,0.7946546204113855,0.9331397745712907,ok,
610,K562_c-Myc_IFNa30,2000,2000,2038,1019,0.8500396297626741,0.8782398414424271,ok,
611,K562_c-Myc_IFNa6h,2000,2000,2912,1456,0.8428598787887935,0.8551911472799179,ok,
612,K562_c-Myc_IFNg30,2000,2000,8384,4192,0.7981544158083738,0.8279757926767088,ok,
613,K562_c-Myc_IFNg6h,2000,2000,5504,2752,0.806597250097181,0.8180839410661167,ok,
614,K562_c-Myc_None,2000,2000,6802,3401,0.8292410753846288,0.8462555895964666,ok,
615,K562_c-Myc_None,2000,2000,1116,558,0.8912269883480428,0.9192584884572398,ok,
616,K562_COREST_None,2000,2000,1556,778,0.7493754997653994,0.7929186960170763,ok,
617,K562_COREST_None,2000,2000,7516,3758,0.6952845106596791,0.7832116037852617,ok,
618,K562_CTCF_None,2000,2000,9132,4566,0.6904140067447044,0.8405100143147979,ok,
619,K562_E2F4_None,2000,2000,1770,885,0.9678087395065275,0.9742423952248717,ok,
620,K562_E2F6_None,2000,2000,4168,2084,0.9085224781812623,0.9194912522426605,ok,
621,K562_ELK1_None,2000,2000,724,362,0.9577470162693448,0.9648515002594549,ok,
622,K562_GATA-1_None,2000,2000,936,468,0.766943348674118,0.8860079260720286,ok,
623,K562_GATA-2_None,2000,2000,2314,1157,0.747002388228729,0.8441555628099673,ok,
624,K562_GTF2B_None,2000,2000,540,270,0.9242935528120713,0.9254183813443073,ok,
625,K562_GTF2F1_None,2000,2000,682,341,0.9356300685408623,0.9349850792476844,ok,
626,K562_HMGN3_None,2000,2000,4790,2395,0.9273147345069103,0.9306880635980491,ok,
627,K562_Ini1_None,2000,2000,552,276,0.7332493173703004,0.679951690821256,ok,
628,K562_IRF1_IFNa30,2000,2000,276,138,0.8316530140726739,0.912308338584331,ok,
629,K562_IRF1_IFNa6h,2000,2000,1712,856,0.8287609725740239,0.889934437505459,ok,
630,K562_IRF1_IFNg30,2000,2000,2462,1231,0.8201049122948261,0.8473802612050858,ok,
631,K562_IRF1_IFNg6h,2000,2000,2980,1490,0.9210643664699789,0.9310641412548986,ok,
632,K562_JunD_None,2000,2000,8230,4115,0.6992688634326892,0.8293129631242719,ok,
633,K562_KAP1_None,2000,2000,2788,1394,0.9119093100374837,0.840930797906173,ok,
634,K562_MafF_None,2000,2000,5210,2605,0.7295456471203687,0.867488993925015,ok,
635,K562_MafK_None,2000,2000,4138,2069,0.7421122085535726,0.8691626325319259,ok,
636,K562_Max_None,2000,2000,7496,3748,0.8240406623126784,0.8608052718831758,ok,
637,K562_MAZ_None,2000,2000,8440,4220,0.8483024022371467,0.8737888580669797,ok,
638,K562_Mxi1_None,2000,2000,1606,803,0.8836135972047536,0.9055286138996199,ok,
639,K562_NELFe_None,1820,1820,116,58,0.9230083234244946,0.9019024970273485,ok,retry: trained on 1820 clean examples per class (maximum available balanced sample)
640,K562_NF-E2_None,2000,2000,398,199,0.8861897426832656,0.9746976086462462,ok,
641,K562_NF-YA_None,2000,2000,736,368,0.9363849834593573,0.9502230033081286,ok,
642,K562_NF-YB_None,2000,2000,1860,930,0.9368620649786102,0.9615793733379581,ok,
643,K562_Nrf1_None,2000,2000,692,346,0.9581008386514752,0.973896555180594,ok,
644,K562_p300_None,2000,2000,6024,3012,0.6677208276235473,0.7733674641848719,ok,
645,K562_Pol2_IFNa30,2000,2000,3684,1842,0.9338162739127205,0.9194014436934786,ok,
646,K562_Pol2_IFNa6h,2000,2000,3526,1763,0.9248432115499512,0.9089729355128374,ok,
647,K562_Pol2_IFNg30,2000,2000,3804,1902,0.9263993516150469,0.9169082630381877,ok,
648,K562_Pol2_IFNg6h,2000,2000,3964,1982,0.930185493864559,0.929885111309556,ok,
649,K562_Pol2_None,2000,2000,3608,1804,0.8125144419152315,0.7800305799873156,ok,
650,K562_Pol2(phosphoS2)_None,2000,2000,1684,842,0.8403303975942362,0.7909703454618289,ok,
651,K562_Pol2(phosphoS2)_None,2000,2000,570,285,0.7026531240381657,0.6796429670667898,ok,
652,K562_Pol2_None,2000,2000,4220,2110,0.9176753666808921,0.9198601783428044,ok,
653,K562_Pol3_None,1494,1494,2,1,0.0,1.0,ok,retry: low-positive test set (n_positive=1); AUC is highly uncertain
654,K562_Rad21_None,2000,2000,3016,1508,0.7547344753709659,0.9069964609615208,ok,
655,K562_RFX5_None,2000,2000,366,183,0.7977246259965958,0.8364239003852011,ok,
656,K562_RPC155_None,2000,2000,326,163,0.9012759230682373,0.8820429824231247,ok,
657,K562_SETDB1_MNaseD,2000,2000,740,370,0.8449379108838568,0.8176880934989044,ok,
658,K562_SETDB1_None,2000,2000,1094,547,0.9207376783452369,0.9135386970311723,ok,
659,K562_SIRT6_None,2000,2000,602,301,0.7716139998454764,0.8556638447699252,ok,
660,K562_SMC3_None,2000,2000,4868,2434,0.7598032596285571,0.9023434783460009,ok,
661,K562_STAT1_IFNa30,2000,2000,342,171,0.802537532916111,0.8484661947265825,ok,
662,K562_STAT1_IFNa6h,2000,2000,310,155,0.8067429760665974,0.8488241415192508,ok,
663,K562_STAT1_IFNg30,2000,2000,446,223,0.8458243680749663,0.9030143377103903,ok,
664,K562_STAT1_IFNg6h,2000,2000,470,235,0.8317971933001358,0.8707831598008148,ok,
665,K562_STAT2_IFNa30,2000,2000,712,356,0.7442005428607499,0.8294012750915288,ok,
666,K562_STAT2_IFNa6h,2000,2000,418,209,0.763524186717337,0.8712941553535862,ok,
667,K562_TAL1_None,2000,2000,5114,2557,0.7091751935418795,0.8357366016497689,ok,
668,K562_TBLR1_None,2000,2000,1282,641,0.8028090858423729,0.8176308955634356,ok,
669,K562_TBLR1_None,2000,2000,1944,972,0.7480720460973089,0.8378105471726871,ok,
670,K562_TBP_None,2000,2000,4060,2030,0.8706555606784926,0.8729309131500401,ok,
671,K562_TFIIIC-110_None,2000,2000,240,120,0.9106249999999999,0.9520138888888888,ok,
672,K562_TR4_None,2000,2000,152,76,0.8992382271468145,0.8833102493074793,ok,
673,K562_UBF_None,2000,2000,1686,843,0.9551860341743956,0.9526826886409465,ok,
674,K562_UBTF_None,2000,2000,3958,1979,0.9172184644170561,0.9215314363219055,ok,
675,K562_USF2_None,2000,2000,508,254,0.9178575857151714,0.9569409138818277,ok,
676,K562_YY1_None,2000,2000,870,435,0.9514281939490026,0.9699986788215088,ok,
677,K562_Znf143_None,2000,2000,6160,3080,0.751517330072525,0.8471110748018216,ok,
678,K562_ZNF263_None,2000,2000,922,461,0.9545221413413264,0.9516188988382325,ok,
679,K562_ZNF274_None,2000,2000,1028,514,0.835500915986616,0.7276908053112083,ok,
680,K562_ZNF274_None,1242,1242,92,46,0.9815689981096408,0.9881852551984878,ok,retry: trained on 1242 clean examples per class (maximum available balanced sample)
681,MCF10A-Er-Src_c-Fos_EtOH_0.01pct,2000,2000,10000,5000,0.7326566800000001,0.8919163600000001,ok,
682,MCF10A-Er-Src_c-Fos_4OHTAM_1uM_12hr,2000,2000,10000,5000,0.724073,0.88745664,ok,
683,MCF10A-Er-Src_c-Fos_4OHTAM_1uM_4hr,2000,2000,10000,5000,0.72210572,0.88489936,ok,
684,MCF10A-Er-Src_c-Fos_4OHTAM_1uM_36hr,2000,2000,10000,5000,0.74954644,0.9046950800000001,ok,
685,MCF10A-Er-Src_c-Myc_EtOH_0.01pct,2000,2000,8964,4482,0.7236296816001175,0.8247769948354078,ok,
686,MCF10A-Er-Src_c-Myc_4OHTAM_1uM_4hr,2000,2000,7190,3595,0.7085172769319155,0.8353470764719195,ok,
687,MCF10A-Er-Src_E2F4_4OHTAM_1uM_36hr,2000,2000,3446,1723,0.846370955381916,0.9042229856615407,ok,
688,MCF10A-Er-Src_Pol2_EtOH_0.01pct,2000,2000,7440,3720,0.855980532431495,0.8373615808185918,ok,
689,MCF10A-Er-Src_Pol2_4OHTAM_1uM_36hr,2000,2000,6048,3024,0.8868234568776069,0.8766362158289241,ok,
690,MCF10A-Er-Src_STAT3_EtOH_0.01pct_4hr,2000,2000,10000,5000,0.71243084,0.8533979799999999,ok,
691,MCF10A-Er-Src_STAT3_EtOH_0.01pct_12hr,2000,2000,10000,5000,0.7279727199999999,0.84558318,ok,
692,MCF10A-Er-Src_STAT3_EtOH_0.01pct,2000,2000,3286,1643,0.748029505280522,0.8709171760607444,ok,
693,MCF10A-Er-Src_STAT3_4OHTAM_1uM_12hr,2000,2000,9454,4727,0.7180815044255352,0.8542276500883057,ok,
694,MCF10A-Er-Src_STAT3_4OHTAM_1uM_36hr,2000,2000,10000,5000,0.7279928999999999,0.8464608,ok,
695,MCF-7_GATA3_None,2000,2000,5536,2768,0.7350642614604564,0.7384055676559523,ok,
696,MCF-7_GATA3_None,2000,2000,3010,1505,0.7589472522378341,0.7565057780819198,ok,
697,MCF-7_HA-E2F1_None,2000,2000,8376,4188,0.9210726182233497,0.8903619485426593,ok,
698,MCF-7_TCF7L2_None,2000,2000,4578,2289,0.6956942247201605,0.7020060612410944,ok,
699,MCF-7_ZNF217_None,2000,2000,5702,2851,0.7109451402592037,0.6648984197118157,ok,
700,NB4_c-Myc_None,2000,2000,6284,3142,0.7924579656496793,0.849896081548078,ok,
701,NB4_Max_None,2000,2000,7188,3594,0.7714852925282941,0.8577952061944583,ok,
702,NB4_Pol2_None,2000,2000,3898,1949,0.9388872376961941,0.9366177179440537,ok,
703,NT2-D1_SUZ12_None,2000,2000,1948,974,0.951855006345686,0.9285804637199633,ok,
704,NT2-D1_YY1_None,2000,2000,1068,534,0.9110907713672517,0.9413373732272861,ok,
705,NT2-D1_ZNF274_None,2000,2000,274,137,0.9490116681762482,0.8987692471628749,ok,
706,PANC-1_TCF7L2_None,2000,2000,3948,1974,0.7886180426599492,0.7447601494196593,ok,
707,PBDEFetal_GATA-1_None,2000,2000,804,402,0.8206789435905052,0.7887552288309695,ok,
708,PBDE_GATA-1_None,2000,2000,9542,4771,0.7337150483992467,0.6895517927976178,ok,
709,PBDE_Pol2_None,2000,2000,6098,3049,0.906530441189015,0.8786323330932045,ok,
710,Raji_Pol2_None,2000,2000,5652,2826,0.9132710915575669,0.9050765337937232,ok,
711,SH-SY5Y_GATA-2_None,2000,2000,10000,5000,0.75035874,0.7822515999999999,ok,
712,SH-SY5Y_GATA3_None,2000,2000,6384,3192,0.8063248758644732,0.7935687923599726,ok,
713,U2OS_KAP1_None,2000,2000,6112,3056,0.7409930104883364,0.6780923310250542,ok,
714,U2OS_SETDB1_None,2000,2000,10000,5000,0.84106354,0.78868728,ok,
715,K562_eGFP-FOS_None,2000,2000,2264,1132,0.8272020033962217,0.9447013634831252,ok,
716,K562_eGFP-GATA2_None,2000,2000,3992,1996,0.7578492405652989,0.7290453903799583,ok,
717,K562_eGFP-HDAC8_None,2000,2000,522,261,0.8656948664875737,0.8369372146621453,ok,
718,K562_eGFP-JunB_None,2000,2000,3586,1793,0.7754342427902523,0.8064997765058326,ok,
719,K562_eGFP-JunD_None,2000,2000,8270,4135,0.7061667804699026,0.7436963778403898,ok,
720,A549_CTCF_None,2000,2000,9560,4780,0.7476581948845434,0.8640221853609006,ok,
721,A549_Pol2_None,2000,2000,3686,1843,0.9645665477946058,0.9661145440697583,ok,
722,Fibrobl_CTCF_None,2000,2000,6814,3407,0.7510863741658624,0.8690992034648877,ok,
723,Gliobla_CTCF_None,2000,2000,9996,4998,0.7037458841079448,0.8395136365870878,ok,
724,Gliobla_Pol2_None,2000,2000,3144,1572,0.95864937616948,0.9641859934347259,ok,
725,GM12878_c-Myc_None,2000,2000,1608,804,0.9596962327665157,0.9468144352862553,ok,
726,GM12878_CTCF_None,2000,2000,6896,3448,0.7067126071941905,0.8564590387648645,ok,
727,GM12878_Pol2_None,2000,2000,4544,2272,0.906617978668667,0.8921468954572505,ok,
728,GM12891_CTCF_None,2000,2000,5962,2981,0.7806714694575203,0.8771988893991589,ok,
729,GM12892_CTCF_None,2000,2000,7118,3559,0.7684465795985482,0.8636564488590004,ok,
730,GM19238_CTCF_None,2000,2000,7716,3858,0.7605115073980641,0.860551859009347,ok,
731,GM19239_CTCF_None,2000,2000,5864,2932,0.752356506461141,0.8707815998466375,ok,
732,GM19240_CTCF_None,2000,2000,6530,3265,0.7581013533954489,0.8585942135367686,ok,
733,H1-hESC_c-Myc_None,2000,2000,422,211,0.8547876283102356,0.8962287459850408,ok,
734,H1-hESC_CTCF_None,2000,2000,5590,2795,0.7683050809489217,0.8784354248738323,ok,
735,H1-hESC_Pol2_None,2000,2000,3960,1980,0.9264354402611978,0.9198977145189267,ok,
736,HeLa-S3_c-Myc_None,2000,2000,1034,517,0.8386951950884624,0.8798117393532843,ok,
737,HeLa-S3_CTCF_None,2000,2000,7736,3868,0.6829382350236182,0.836325238827534,ok,
738,HeLa-S3_Pol2_None,2000,2000,6056,3028,0.92495106221283,0.9179873252549084,ok,
739,HepG2_c-Myc_None,2000,2000,642,321,0.9165477819508739,0.9509030385962869,ok,
740,HepG2_CTCF_None,2000,2000,4710,2355,0.7250577665985999,0.8918523627282603,ok,
741,HepG2_Pol2_None,2000,2000,4872,2436,0.9051538768499868,0.8819014724399471,ok,
742,HUVEC_c-Myc_None,2000,2000,872,436,0.8292441713660466,0.9122496002020032,ok,
743,HUVEC_CTCF_None,2000,2000,5932,2966,0.6927586597304856,0.8473209978315719,ok,
744,HUVEC_Pol2_None,2000,2000,2580,1290,0.9552160326903432,0.9598659936301905,ok,
745,K562_c-Myc_None,2000,2000,1336,668,0.8873278891319156,0.923123812255728,ok,
746,K562_CTCF_None,2000,2000,6930,3465,0.6942682650041958,0.841361127248573,ok,
747,K562_Pol2_None,2000,2000,4988,2494,0.906910426241906,0.8962382211292667,ok,
748,MCF-7_c-Myc_estrogen,2000,2000,1942,971,0.8675508383704146,0.9143577761255608,ok,
749,MCF-7_c-Myc_serum_stimulated_media,2000,2000,5466,2733,0.9157593848624681,0.9419168946334786,ok,
750,MCF-7_c-Myc_serum_starved_media,2000,2000,1340,670,0.8546535976832257,0.9141768768099799,ok,
751,MCF-7_c-Myc_vehicle,2000,2000,7336,3668,0.8581962437967436,0.9015549317448557,ok,
752,MCF-7_CTCF_estrogen,2000,2000,10000,5000,0.69251236,0.8400771800000001,ok,
753,MCF-7_CTCF_serum_stimulated_media,2000,2000,9330,4665,0.7826166212324338,0.87963250540788,ok,
754,MCF-7_CTCF_serum_starved_media,2000,2000,8874,4437,0.7689862009738523,0.8704830845215431,ok,
755,MCF-7_CTCF_None,2000,2000,9072,4536,0.7651536337557427,0.8730454230160285,ok,
756,MCF-7_CTCF_vehicle,2000,2000,10000,5000,0.6754472600000001,0.82810996,ok,
757,MCF-7_Pol2_serum_stimulated_media,2000,2000,5322,2661,0.9543489469802022,0.9584787063716712,ok,
758,MCF-7_Pol2_serum_starved_media,2000,2000,4246,2123,0.9396915419993526,0.9508955701068241,ok,
759,MCF-7_Pol2_None,2000,2000,4628,2314,0.8990621327920912,0.9001480223718092,ok,
760,NHEK_CTCF_None,2000,2000,7594,3797,0.7262001958908967,0.8539591470165966,ok,
761,ProgFib_CTCF_None,2000,2000,6326,3163,0.7279663921554242,0.871435341192609,ok,
762,ProgFib_Pol2_None,2000,2000,3968,1984,0.9214400689386056,0.9200674448003382,ok,
763,A549_CTCF_None,2000,2000,10000,5000,0.7105576600000001,0.83075832,ok,
764,AG04449_CTCF_None,2000,2000,6964,3482,0.7022546164223259,0.862379048926769,ok,
765,AG04450_CTCF_None,2000,2000,10000,5000,0.69056608,0.8313426399999999,ok,
766,AG09309_CTCF_None,2000,2000,9686,4843,0.6999815686860205,0.8526872007336371,ok,
767,AG09319_CTCF_None,2000,2000,10000,5000,0.70933548,0.8504497200000001,ok,
768,AG10803_CTCF_None,2000,2000,9008,4504,0.6910953092021617,0.8372583359886929,ok,
769,AoAF_CTCF_None,2000,2000,7612,3806,0.7052996499428814,0.8397514268617546,ok,
770,BE2_C_CTCF_None,2000,2000,10000,5000,0.7013971400000001,0.8266305600000001,ok,
771,BJ_CTCF_None,2000,2000,9996,4998,0.714203608614314,0.8462751847437654,ok,
772,Caco-2_CTCF_None,2000,2000,7492,3746,0.7084195378790233,0.8658935076218692,ok,
773,GM06990_CTCF_None,2000,2000,9838,4919,0.7132306735655534,0.852048417128368,ok,
774,GM12801_CTCF_None,2000,2000,582,291,0.8468015257259598,0.966261617127809,ok,
775,GM12864_CTCF_None,2000,2000,9876,4938,0.719436299707298,0.8532224861674804,ok,
776,GM12865_CTCF_None,2000,2000,8736,4368,0.7250431145091173,0.8695826980940304,ok,
777,GM12872_CTCF_None,2000,2000,10000,5000,0.72362026,0.8556469999999998,ok,
778,GM12873_CTCF_None,2000,2000,10000,5000,0.69744098,0.8394695000000001,ok,
779,GM12874_CTCF_None,2000,2000,7130,3565,0.7290937094905472,0.8799478331684267,ok,
780,GM12875_CTCF_None,2000,2000,7736,3868,0.7361839020136052,0.8786580742581723,ok,
781,GM12878_CTCF_None,2000,2000,7552,3776,0.7188604629371949,0.8727580231861355,ok,
782,HAc_CTCF_None,2000,2000,10000,5000,0.70664134,0.8103303399999999,ok,
783,HA-sp_CTCF_None,2000,2000,9022,4511,0.7094441081754833,0.8533669832716606,ok,
784,HBMEC_CTCF_None,2000,2000,10000,5000,0.6935685,0.8260136199999999,ok,
785,HCFaa_CTCF_None,2000,2000,8156,4078,0.696186832249314,0.8514526144305705,ok,
786,HCM_CTCF_None,2000,2000,10000,5000,0.7061127,0.8102576399999999,ok,
787,HCPEpiC_CTCF_None,2000,2000,10000,5000,0.6802261199999999,0.82626412,ok,
788,HCT-116_CTCF_None,2000,2000,10000,5000,0.6916196800000001,0.8440859399999999,ok,
789,HEEpiC_CTCF_None,2000,2000,10000,5000,0.69151066,0.8319587199999999,ok,
790,HEK293_CTCF_None,2000,2000,8802,4401,0.7103456739526622,0.8677573536947382,ok,
791,HeLa-S3_CTCF_None,2000,2000,7764,3882,0.7293696703447211,0.8702560145625153,ok,
792,HepG2_CTCF_None,2000,2000,8390,4195,0.7258578448433843,0.8742850405088071,ok,
793,HFF_CTCF_None,2000,2000,8020,4010,0.7356799708957034,0.8486568802432821,ok,
794,HFF-Myc_CTCF_None,2000,2000,10000,5000,0.71320352,0.7940318000000001,ok,
795,HL-60_CTCF_None,2000,2000,3316,1658,0.7689100330160745,0.9268628108625648,ok,
796,HMEC_CTCF_None,2000,2000,10000,5000,0.67848984,0.8326855999999999,ok,
797,HMF_CTCF_None,2000,2000,10000,5000,0.67927384,0.8340794200000001,ok,
798,HPAF_CTCF_None,2000,2000,10000,5000,0.67438124,0.8207909999999999,ok,
799,HPF_CTCF_None,2000,2000,8966,4483,0.6998963641315006,0.8553227502475582,ok,
800,HRE_CTCF_None,2000,2000,9092,4546,0.7215008616036027,0.8581481396891414,ok,
801,HRPEpiC_CTCF_None,2000,2000,10000,5000,0.69897078,0.8456879599999999,ok,
802,HUVEC_CTCF_None,2000,2000,6970,3485,0.7506983197100094,0.8851125030619029,ok,
803,HVMF_CTCF_None,2000,2000,10000,5000,0.7102868600000001,0.8335626600000001,ok,
804,K562_CTCF_None,2000,2000,8382,4191,0.7337767053862851,0.8753039443636279,ok,
805,MCF-7_CTCF_None,2000,2000,10000,5000,0.6864498800000001,0.8324519800000001,ok,
806,NB4_CTCF_None,2000,2000,7042,3521,0.7301575381564631,0.8831066427337707,ok,
807,NHDF-neo_CTCF_None,2000,2000,10000,5000,0.69710404,0.822195,ok,
808,NHEK_CTCF_None,2000,2000,9938,4969,0.7113864462383623,0.8323184342642638,ok,
809,NHLF_CTCF_None,2000,2000,7672,3836,0.7310777459793124,0.8415317376351148,ok,
810,RPTEC_CTCF_None,2000,2000,10000,5000,0.67620822,0.81267818,ok,
811,SAEC_CTCF_None,2000,2000,8354,4177,0.7281568141461654,0.870176948001611,ok,
812,SK-N-SH_RA_CTCF_None,2000,2000,7590,3795,0.7213378327006099,0.8628169996927516,ok,
813,WERI-Rb-1_CTCF_None,2000,2000,8766,4383,0.72073604439695,0.8560759845729635,ok,
814,WI-38_CTCF_None,2000,2000,10000,5000,0.8187960999999999,0.8428523400000001,ok,
