task,model,group,mean_distance_bp,n_positive,n_negative,auc
eqtl,pretrained,Random negative SNP,434939.11453499633,78612,955315,0.6849544021273025
eqtl,pretrained,31kbp negative SNP,14781.450405818488,78612,9487,0.6492128286903527
eqtl,pretrained,6.3kbp negative SNP,3837.5847464671656,78612,24060,0.6483086790118616
eqtl,pretrained,710bp negative SNP,1251.011084488434,78612,44657,0.6328912465752444
eqtl,pretrained,360bp negative SNP,401.12496519075466,78612,57456,0.6077718733394628
gwas,pretrained,Random negative SNP,172504.23593635115,12296,962908,0.6436942821336562
gwas,pretrained,31kbp negative SNP,29500.250153732628,12296,8131,0.6300040870674393
gwas,pretrained,6.3kbp negative SNP,7130.796469566895,12296,10367,0.616069859607198
gwas,pretrained,710bp negative SNP,1658.185628742515,12296,11523,0.5959621801911157
gwas,pretrained,360bp negative SNP,398.0015903574119,12296,11947,0.5669535984375581
eqtl,ours,Random negative SNP,434939.11453499633,78612,955315,0.6792262526861266
eqtl,ours,31kbp negative SNP,14781.450405818488,78612,9487,0.6420353359253589
eqtl,ours,6.3kbp negative SNP,3837.5847464671656,78612,24060,0.6448996169894299
eqtl,ours,710bp negative SNP,1251.011084488434,78612,44657,0.6281688102561573
eqtl,ours,360bp negative SNP,401.12496519075466,78612,57456,0.6029081139856713
gwas,ours,Random negative SNP,172504.23593635115,12296,962908,0.6408057945141797
gwas,ours,31kbp negative SNP,29500.250153732628,12296,8131,0.6287863636178143
gwas,ours,6.3kbp negative SNP,7130.796469566895,12296,10367,0.6132938088232147
gwas,ours,710bp negative SNP,1658.185628742515,12296,11523,0.5954474710164972
gwas,ours,360bp negative SNP,398.0015903574119,12296,11947,0.5677787328320991
