task,model,group,mean_distance_bp,n_positive,n_negative,auc,scored_positive,scored_negative
eqtl,CADD (PHRED; version unverified),Random negative SNP,435113.08251647797,78126,47336,0.5702720822310536,78126,47336
eqtl,CADD (PHRED; version unverified),31kbp negative SNP,14778.271044839255,78126,9456,0.5675204162801267,78126,9456
eqtl,CADD (PHRED; version unverified),6.3kbp negative SNP,3833.701803340136,78126,24011,0.566950134767066,78126,24011
eqtl,CADD (PHRED; version unverified),710bp negative SNP,1250.1760258452427,78126,44573,0.5637719656989615,78126,44573
eqtl,CADD (PHRED; version unverified),360bp negative SNP,401.1350111622715,78126,57336,0.5483231489535776,78126,57336
eqtl,GWAVA_Unmatched,Random negative SNP,435113.08251647797,78126,47336,0.6755390233387978,78126,47336
eqtl,GWAVA_Unmatched,31kbp negative SNP,14778.271044839255,78126,9456,0.5580393565886215,78126,9456
eqtl,GWAVA_Unmatched,6.3kbp negative SNP,3833.701803340136,78126,24011,0.5487960662603789,78126,24011
eqtl,GWAVA_Unmatched,710bp negative SNP,1250.1760258452427,78126,44573,0.5461276311892763,78126,44573
eqtl,GWAVA_Unmatched,360bp negative SNP,401.1350111622715,78126,57336,0.5403490456921147,78126,57336
eqtl,GWAVA_TSS,Random negative SNP,435113.08251647797,78126,47336,0.5786305236966113,78126,47336
eqtl,GWAVA_TSS,31kbp negative SNP,14778.271044839255,78126,9456,0.5468334384338494,78126,9456
eqtl,GWAVA_TSS,6.3kbp negative SNP,3833.701803340136,78126,24011,0.5508505481800776,78126,24011
eqtl,GWAVA_TSS,710bp negative SNP,1250.1760258452427,78126,44573,0.5497539579040109,78126,44573
eqtl,GWAVA_TSS,360bp negative SNP,401.1350111622715,78126,57336,0.539954766826508,78126,57336
eqtl,GWAVA_Region,Random negative SNP,435113.08251647797,78126,47336,0.5491528252295055,78126,47336
eqtl,GWAVA_Region,31kbp negative SNP,14778.271044839255,78126,9456,0.5641453420529888,78126,9456
eqtl,GWAVA_Region,6.3kbp negative SNP,3833.701803340136,78126,24011,0.5626847033123625,78126,24011
eqtl,GWAVA_Region,710bp negative SNP,1250.1760258452427,78126,44573,0.5577944021516489,78126,44573
eqtl,GWAVA_Region,360bp negative SNP,401.1350111622715,78126,57336,0.5526201079332478,78126,57336
eqtl,FunSeq2 v2.1.0,Random negative SNP,435113.08251647797,78126,47336,0.6363060526122545,78126,47336
eqtl,FunSeq2 v2.1.0,31kbp negative SNP,14778.271044839255,78126,9456,0.543292657359908,78126,9456
eqtl,FunSeq2 v2.1.0,6.3kbp negative SNP,3833.701803340136,78126,24011,0.5302933015048303,78126,24011
eqtl,FunSeq2 v2.1.0,710bp negative SNP,1250.1760258452427,78126,44573,0.5267525650223536,78126,44573
eqtl,FunSeq2 v2.1.0,360bp negative SNP,401.1350111622715,78126,57336,0.5239961249411313,78126,57336
gwas,CADD (PHRED; version unverified),Random negative SNP,169796.95798248745,12220,47623,0.5859175583680236,12220,47623
gwas,CADD (PHRED; version unverified),31kbp negative SNP,29508.027835940386,12220,8119,0.5755929999119077,12220,8119
gwas,CADD (PHRED; version unverified),6.3kbp negative SNP,7132.096397179562,12220,10353,0.5614113922559825,12220,10353
gwas,CADD (PHRED; version unverified),710bp negative SNP,1657.4606223922115,12220,11504,0.5485698989777127,12220,11504
gwas,CADD (PHRED; version unverified),360bp negative SNP,398.0311006790175,12220,11929,0.5325183687060608,12220,11929
gwas,GWAVA_Unmatched,Random negative SNP,169796.95798248745,12220,47623,0.6053727520566693,12220,47623
gwas,GWAVA_Unmatched,31kbp negative SNP,29508.027835940386,12220,8119,0.57565067815911,12220,8119
gwas,GWAVA_Unmatched,6.3kbp negative SNP,7132.096397179562,12220,10353,0.5564378265556462,12220,10353
gwas,GWAVA_Unmatched,710bp negative SNP,1657.4606223922115,12220,11504,0.5388733570789582,12220,11504
gwas,GWAVA_Unmatched,360bp negative SNP,398.0311006790175,12220,11929,0.52648550774845,12220,11929
gwas,GWAVA_TSS,Random negative SNP,169796.95798248745,12220,47623,0.6166362034422503,12220,47623
gwas,GWAVA_TSS,31kbp negative SNP,29508.027835940386,12220,8119,0.5910873324760634,12220,8119
gwas,GWAVA_TSS,6.3kbp negative SNP,7132.096397179562,12220,10353,0.5708133414209975,12220,10353
gwas,GWAVA_TSS,710bp negative SNP,1657.4606223922115,12220,11504,0.5489265741767184,12220,11504
gwas,GWAVA_TSS,360bp negative SNP,398.0311006790175,12220,11929,0.5335440156770439,12220,11929
gwas,GWAVA_Region,Random negative SNP,169796.95798248745,12220,47623,0.586219213281566,12220,47623
gwas,GWAVA_Region,31kbp negative SNP,29508.027835940386,12220,8119,0.5762893671045813,12220,8119
gwas,GWAVA_Region,6.3kbp negative SNP,7132.096397179562,12220,10353,0.5684814311751001,12220,10353
gwas,GWAVA_Region,710bp negative SNP,1657.4606223922115,12220,11504,0.5556298819566637,12220,11504
gwas,GWAVA_Region,360bp negative SNP,398.0311006790175,12220,11929,0.5448845487739172,12220,11929
gwas,FunSeq2 v2.1.0,Random negative SNP,169796.95798248745,12220,47623,0.5757321045790188,12220,47623
gwas,FunSeq2 v2.1.0,31kbp negative SNP,29508.027835940386,12220,8119,0.5409555317596739,12220,8119
gwas,FunSeq2 v2.1.0,6.3kbp negative SNP,7132.096397179562,12220,10353,0.531482217019095,12220,10353
gwas,FunSeq2 v2.1.0,710bp negative SNP,1657.4606223922115,12220,11504,0.5210385799061708,12220,11504
gwas,FunSeq2 v2.1.0,360bp negative SNP,398.0311006790175,12220,11929,0.5203547270065838,12220,11929
eqtl,DeepSEA pretrained,Random negative SNP,435113.08251647797,78126,47336,0.6878406858538569,78126,47336
eqtl,DeepSEA pretrained,31kbp negative SNP,14778.271044839255,78126,9456,0.6494422908611812,78126,9456
eqtl,DeepSEA pretrained,6.3kbp negative SNP,3833.701803340136,78126,24011,0.6486455755091377,78126,24011
eqtl,DeepSEA pretrained,710bp negative SNP,1250.1760258452427,78126,44573,0.6332306793824575,78126,44573
eqtl,DeepSEA pretrained,360bp negative SNP,401.1350111622715,78126,57336,0.6081334845951784,78126,57336
gwas,DeepSEA pretrained,Random negative SNP,169796.95798248745,12220,47623,0.6429810258236293,12220,47623
gwas,DeepSEA pretrained,31kbp negative SNP,29508.027835940386,12220,8119,0.6303063886633946,12220,8119
gwas,DeepSEA pretrained,6.3kbp negative SNP,7132.096397179562,12220,10353,0.6163198306016915,12220,10353
gwas,DeepSEA pretrained,710bp negative SNP,1657.4606223922115,12220,11504,0.5963690349503425,12220,11504
gwas,DeepSEA pretrained,360bp negative SNP,398.0311006790175,12220,11929,0.5674014549258234,12220,11929
eqtl,DeepSEA ours,Random negative SNP,435113.08251647797,78126,47336,0.681642315167651,78126,47336
eqtl,DeepSEA ours,31kbp negative SNP,14778.271044839255,78126,9456,0.6423394687485394,78126,9456
eqtl,DeepSEA ours,6.3kbp negative SNP,3833.701803340136,78126,24011,0.6452886693458886,78126,24011
eqtl,DeepSEA ours,710bp negative SNP,1250.1760258452427,78126,44573,0.6285067244316758,78126,44573
eqtl,DeepSEA ours,360bp negative SNP,401.1350111622715,78126,57336,0.6031807834857761,78126,57336
gwas,DeepSEA ours,Random negative SNP,169796.95798248745,12220,47623,0.6407859329754191,12220,47623
gwas,DeepSEA ours,31kbp negative SNP,29508.027835940386,12220,8119,0.629275321330076,12220,8119
gwas,DeepSEA ours,6.3kbp negative SNP,7132.096397179562,12220,10353,0.6137195698867617,12220,10353
gwas,DeepSEA ours,710bp negative SNP,1657.4606223922115,12220,11504,0.5960300757837877,12220,11504
gwas,DeepSEA ours,360bp negative SNP,398.0311006790175,12220,11929,0.5683975181032237,12220,11929
