cohort	label	n_total	n_any_downloaded_annotation	n_complete_four_annotations	any_coverage_fraction	complete_coverage_fraction
eqtl	eQTL	78612	78610	78440	0.9999745585915636	0.9978120388744721
eqtl	Random negative SNP	955315	955315	939183	1.0	0.9831134233211035
eqtl	31kbp negative SNP	9487	9487	9355	1.0	0.9860862232528723
eqtl	6.3kbp negative SNP	24060	24060	23766	1.0	0.9877805486284289
eqtl	710bp negative SNP	44657	44657	44270	1.0	0.9913339454060953
eqtl	360bp negative SNP	57456	57456	57166	1.0	0.9949526594263436
gwas	GWAS Catalog	12296	12295	12271	0.9999186727391022	0.9979668184775536
gwas	Random negative SNP	962908	962905	946438	0.9999968844375579	0.9828955621928575
gwas	31kbp negative SNP	8131	8131	8039	1.0	0.9886852785635223
gwas	6.3kbp negative SNP	10367	10367	10261	1.0	0.9897752483842963
gwas	710bp negative SNP	11523	11523	11456	1.0	0.9941855419595591
gwas	360bp negative SNP	11947	11947	11906	1.0	0.9965681761111577
