cohort	model	negative_group	score	case_definition	n_positive	n_negative	positive_coverage	negative_coverage	auc
eqtl	pretrained	Random negative SNP	chromatin_geomean_E	all cohort rows	78612	955315	1.0	1.0	0.5795467613093719
eqtl	pretrained	Random negative SNP	conservation_geomean_E	four-conservation complete cases	78440	939183	0.9978120388744721	0.9831134233211035	0.5610981920992304
eqtl	pretrained	Random negative SNP	functional_significance_score	four-conservation complete cases	78440	939183	0.9978120388744721	0.9831134233211035	0.5949710722350502
eqtl	pretrained	31kbp negative SNP	chromatin_geomean_E	all cohort rows	78612	9487	1.0	1.0	0.5405927701207818
eqtl	pretrained	31kbp negative SNP	conservation_geomean_E	four-conservation complete cases	78440	9355	0.9978120388744721	0.9860862232528723	0.5748158355707542
eqtl	pretrained	31kbp negative SNP	functional_significance_score	four-conservation complete cases	78440	9355	0.9978120388744721	0.9860862232528723	0.5816281751230774
eqtl	pretrained	6.3kbp negative SNP	chromatin_geomean_E	all cohort rows	78612	24060	1.0	1.0	0.5430218948591817
eqtl	pretrained	6.3kbp negative SNP	conservation_geomean_E	four-conservation complete cases	78440	23766	0.9978120388744721	0.9877805486284289	0.5728667223214888
eqtl	pretrained	6.3kbp negative SNP	functional_significance_score	four-conservation complete cases	78440	23766	0.9978120388744721	0.9877805486284289	0.5805358191714791
eqtl	pretrained	710bp negative SNP	chromatin_geomean_E	all cohort rows	78612	44657	1.0	1.0	0.5451286550153572
eqtl	pretrained	710bp negative SNP	conservation_geomean_E	four-conservation complete cases	78440	44270	0.9978120388744721	0.9913339454060953	0.565401032812074
eqtl	pretrained	710bp negative SNP	functional_significance_score	four-conservation complete cases	78440	44270	0.9978120388744721	0.9913339454060953	0.5763935945078569
eqtl	pretrained	360bp negative SNP	chromatin_geomean_E	all cohort rows	78612	57456	1.0	1.0	0.5411116477912812
eqtl	pretrained	360bp negative SNP	conservation_geomean_E	four-conservation complete cases	78440	57166	0.9978120388744721	0.9949526594263436	0.5479411612455548
eqtl	pretrained	360bp negative SNP	functional_significance_score	four-conservation complete cases	78440	57166	0.9978120388744721	0.9949526594263436	0.5612661979623903
gwas	pretrained	Random negative SNP	chromatin_geomean_E	all cohort rows	12296	962908	1.0	1.0	0.5665744362013069
gwas	pretrained	Random negative SNP	conservation_geomean_E	four-conservation complete cases	12271	946438	0.9979668184775536	0.9828955621928575	0.5786131583906662
gwas	pretrained	Random negative SNP	functional_significance_score	four-conservation complete cases	12271	946438	0.9979668184775536	0.9828955621928575	0.6007783133303085
gwas	pretrained	31kbp negative SNP	chromatin_geomean_E	all cohort rows	12296	8131	1.0	1.0	0.5516707866077497
gwas	pretrained	31kbp negative SNP	conservation_geomean_E	four-conservation complete cases	12271	8039	0.9979668184775536	0.9886852785635223	0.5700261303563432
gwas	pretrained	31kbp negative SNP	functional_significance_score	four-conservation complete cases	12271	8039	0.9979668184775536	0.9886852785635223	0.5867453332310018
gwas	pretrained	6.3kbp negative SNP	chromatin_geomean_E	all cohort rows	12296	10367	1.0	1.0	0.5483964118666664
gwas	pretrained	6.3kbp negative SNP	conservation_geomean_E	four-conservation complete cases	12271	10261	0.9979668184775536	0.9897752483842963	0.557967510052657
gwas	pretrained	6.3kbp negative SNP	functional_significance_score	four-conservation complete cases	12271	10261	0.9979668184775536	0.9897752483842963	0.5741113343018507
gwas	pretrained	710bp negative SNP	chromatin_geomean_E	all cohort rows	12296	11523	1.0	1.0	0.5394909595253216
gwas	pretrained	710bp negative SNP	conservation_geomean_E	four-conservation complete cases	12271	11456	0.9979668184775536	0.9941855419595591	0.5462156440629199
gwas	pretrained	710bp negative SNP	functional_significance_score	four-conservation complete cases	12271	11456	0.9979668184775536	0.9941855419595591	0.5594628225971302
gwas	pretrained	360bp negative SNP	chromatin_geomean_E	all cohort rows	12296	11947	1.0	1.0	0.5313413834001932
gwas	pretrained	360bp negative SNP	conservation_geomean_E	four-conservation complete cases	12271	11906	0.9979668184775536	0.9965681761111577	0.5305584260309375
gwas	pretrained	360bp negative SNP	functional_significance_score	four-conservation complete cases	12271	11906	0.9979668184775536	0.9965681761111577	0.5423103994902728
eqtl	ours	Random negative SNP	chromatin_geomean_E	all cohort rows	78612	955315	1.0	1.0	0.5704899378853465
eqtl	ours	Random negative SNP	conservation_geomean_E	four-conservation complete cases	78440	939183	0.9978120388744721	0.9831134233211035	0.5610981920992304
eqtl	ours	Random negative SNP	functional_significance_score	four-conservation complete cases	78440	939183	0.9978120388744721	0.9831134233211035	0.5885409999848605
eqtl	ours	31kbp negative SNP	chromatin_geomean_E	all cohort rows	78612	9487	1.0	1.0	0.5426456868987463
eqtl	ours	31kbp negative SNP	conservation_geomean_E	four-conservation complete cases	78440	9355	0.9978120388744721	0.9860862232528723	0.5748158355707542
eqtl	ours	31kbp negative SNP	functional_significance_score	four-conservation complete cases	78440	9355	0.9978120388744721	0.9860862232528723	0.5818575817429725
eqtl	ours	6.3kbp negative SNP	chromatin_geomean_E	all cohort rows	78612	24060	1.0	1.0	0.5453068072072909
eqtl	ours	6.3kbp negative SNP	conservation_geomean_E	four-conservation complete cases	78440	23766	0.9978120388744721	0.9877805486284289	0.5728667223214888
eqtl	ours	6.3kbp negative SNP	functional_significance_score	four-conservation complete cases	78440	23766	0.9978120388744721	0.9877805486284289	0.5805663426379322
eqtl	ours	710bp negative SNP	chromatin_geomean_E	all cohort rows	78612	44657	1.0	1.0	0.5456007652788419
eqtl	ours	710bp negative SNP	conservation_geomean_E	four-conservation complete cases	78440	44270	0.9978120388744721	0.9913339454060953	0.565401032812074
eqtl	ours	710bp negative SNP	functional_significance_score	four-conservation complete cases	78440	44270	0.9978120388744721	0.9913339454060953	0.5750591449114981
eqtl	ours	360bp negative SNP	chromatin_geomean_E	all cohort rows	78612	57456	1.0	1.0	0.5413297424673416
eqtl	ours	360bp negative SNP	conservation_geomean_E	four-conservation complete cases	78440	57166	0.9978120388744721	0.9949526594263436	0.5479411612455548
eqtl	ours	360bp negative SNP	functional_significance_score	four-conservation complete cases	78440	57166	0.9978120388744721	0.9949526594263436	0.5606476490101571
gwas	ours	Random negative SNP	chromatin_geomean_E	all cohort rows	12296	962908	1.0	1.0	0.5629937285974678
gwas	ours	Random negative SNP	conservation_geomean_E	four-conservation complete cases	12271	946438	0.9979668184775536	0.9828955621928575	0.5786131583906662
gwas	ours	Random negative SNP	functional_significance_score	four-conservation complete cases	12271	946438	0.9979668184775536	0.9828955621928575	0.5977456329118396
gwas	ours	31kbp negative SNP	chromatin_geomean_E	all cohort rows	12296	8131	1.0	1.0	0.5504434761233724
gwas	ours	31kbp negative SNP	conservation_geomean_E	four-conservation complete cases	12271	8039	0.9979668184775536	0.9886852785635223	0.5700261303563432
gwas	ours	31kbp negative SNP	functional_significance_score	four-conservation complete cases	12271	8039	0.9979668184775536	0.9886852785635223	0.5847564754127434
gwas	ours	6.3kbp negative SNP	chromatin_geomean_E	all cohort rows	12296	10367	1.0	1.0	0.5470223992864602
gwas	ours	6.3kbp negative SNP	conservation_geomean_E	four-conservation complete cases	12271	10261	0.9979668184775536	0.9897752483842963	0.557967510052657
gwas	ours	6.3kbp negative SNP	functional_significance_score	four-conservation complete cases	12271	10261	0.9979668184775536	0.9897752483842963	0.5732219722880921
gwas	ours	710bp negative SNP	chromatin_geomean_E	all cohort rows	12296	11523	1.0	1.0	0.538928599478365
gwas	ours	710bp negative SNP	conservation_geomean_E	four-conservation complete cases	12271	11456	0.9979668184775536	0.9941855419595591	0.5462156440629199
gwas	ours	710bp negative SNP	functional_significance_score	four-conservation complete cases	12271	11456	0.9979668184775536	0.9941855419595591	0.5587118582259395
gwas	ours	360bp negative SNP	chromatin_geomean_E	all cohort rows	12296	11947	1.0	1.0	0.5307222832855522
gwas	ours	360bp negative SNP	conservation_geomean_E	four-conservation complete cases	12271	11906	0.9979668184775536	0.9965681761111577	0.5305584260309375
gwas	ours	360bp negative SNP	functional_significance_score	four-conservation complete cases	12271	11906	0.9979668184775536	0.9965681761111577	0.541619468494843
