model	mark	margin_threshold	accuracy	n_above_threshold	n_qtl_snps
pretrained	H3K4me3	0.0	0.5292620865139949	1179	1179
pretrained	H3K4me3	0.00019999999999999998	0.5311091073038774	1109	1179
pretrained	H3K4me3	0.00039999999999999996	0.536468330134357	1042	1179
pretrained	H3K4me3	0.0006	0.5381485249237029	983	1179
pretrained	H3K4me3	0.0007999999999999999	0.5428571428571428	910	1179
pretrained	H3K4me3	0.001	0.5426900584795321	855	1179
pretrained	H3K4me3	0.0012	0.5408038976857491	821	1179
pretrained	H3K4me3	0.0013999999999999998	0.541507024265645	783	1179
pretrained	H3K4me3	0.0015999999999999999	0.548941798941799	756	1179
pretrained	H3K4me3	0.0018	0.5541838134430727	729	1179
pretrained	H3K4me3	0.002	0.5579399141630901	699	1179
pretrained	H3K4me3	0.0021999999999999997	0.5573529411764706	680	1179
pretrained	H3K4me3	0.0024	0.554380664652568	662	1179
pretrained	H3K4me3	0.0026	0.5578125	640	1179
pretrained	H3K4me3	0.0027999999999999995	0.5596774193548387	620	1179
pretrained	H3K4me3	0.0029999999999999996	0.5548172757475083	602	1179
pretrained	H3K4me3	0.0031999999999999997	0.5561312607944733	579	1179
pretrained	H3K4me3	0.0034	0.5621716287215411	571	1179
pretrained	H3K4me3	0.0036	0.5561594202898551	552	1179
pretrained	H3K4me3	0.0037999999999999996	0.5559701492537313	536	1179
pretrained	H3K4me3	0.004	0.5540540540540541	518	1179
pretrained	H3K4me3	0.0042	0.5562130177514792	507	1179
pretrained	H3K4me3	0.004399999999999999	0.5522088353413654	498	1179
pretrained	H3K4me3	0.0046	0.5518672199170125	482	1179
pretrained	H3K4me3	0.0048	0.5501066098081023	469	1179
pretrained	H3K4me3	0.004999999999999999	0.549889135254989	451	1179
pretrained	H3K4me3	0.0052	0.5487528344671202	441	1179
pretrained	H3K4me3	0.005399999999999999	0.5506912442396313	434	1179
pretrained	H3K4me3	0.005599999999999999	0.5514018691588785	428	1179
pretrained	H3K4me3	0.0058	0.5584725536992841	419	1179
pretrained	H3K4me3	0.005999999999999999	0.5571776155717761	411	1179
pretrained	H3K4me3	0.0062	0.5541561712846348	397	1179
pretrained	H3K4me3	0.0063999999999999994	0.5526992287917738	389	1179
pretrained	H3K4me3	0.006599999999999999	0.5492227979274611	386	1179
pretrained	H3K4me3	0.0068	0.5511811023622047	381	1179
pretrained	H3K4me3	0.006999999999999999	0.5564516129032258	372	1179
pretrained	H3K4me3	0.0072	0.553133514986376	367	1179
pretrained	H3K4me3	0.0073999999999999995	0.5580110497237569	362	1179
pretrained	H3K4me3	0.007599999999999999	0.5552407932011332	353	1179
pretrained	H3K4me3	0.0078	0.5565217391304348	345	1179
pretrained	H3K4me3	0.008	0.5611940298507463	335	1179
pretrained	H3K4me3	0.008199999999999999	0.5670731707317073	328	1179
pretrained	H3K4me3	0.0084	0.5678233438485805	317	1179
pretrained	H3K4me3	0.0086	0.5700636942675159	314	1179
pretrained	H3K4me3	0.008799999999999999	0.5784313725490197	306	1179
pretrained	H3K4me3	0.009	0.58	300	1179
pretrained	H3K4me3	0.0092	0.5767918088737202	293	1179
pretrained	H3K4me3	0.009399999999999999	0.5763888888888888	288	1179
pretrained	H3K4me3	0.0096	0.5754385964912281	285	1179
pretrained	H3K4me3	0.0098	0.5780141843971631	282	1179
pretrained	H3K4me3	0.009999999999999998	0.5719424460431655	278	1179
pretrained	H3K4me3	0.010199999999999999	0.575187969924812	266	1179
pretrained	H3K4me3	0.0104	0.5801526717557252	262	1179
pretrained	H3K4me3	0.010599999999999998	0.5852713178294574	258	1179
pretrained	H3K4me3	0.010799999999999999	0.5976095617529881	251	1179
pretrained	H3K4me3	0.011	0.5967741935483871	248	1179
pretrained	H3K4me3	0.011199999999999998	0.5941422594142259	239	1179
pretrained	H3K4me3	0.011399999999999999	0.6017316017316018	231	1179
pretrained	H3K4me3	0.0116	0.5973451327433629	226	1179
pretrained	H3K4me3	0.0118	0.5927601809954751	221	1179
pretrained	H3K4me3	0.011999999999999999	0.5954545454545455	220	1179
pretrained	H3K4me3	0.012199999999999999	0.5963302752293578	218	1179
pretrained	H3K4me3	0.0124	0.5925925925925926	216	1179
pretrained	H3K4me3	0.012599999999999998	0.596244131455399	213	1179
pretrained	H3K4me3	0.012799999999999999	0.5952380952380952	210	1179
pretrained	H3K4me3	0.013	0.5961538461538461	208	1179
pretrained	H3K4me3	0.013199999999999998	0.5942028985507246	207	1179
pretrained	H3K4me3	0.013399999999999999	0.5931372549019608	204	1179
pretrained	H3K4me3	0.0136	0.595	200	1179
pretrained	H3K4me3	0.013799999999999998	0.6020408163265306	196	1179
pretrained	H3K4me3	0.013999999999999999	0.6052631578947368	190	1179
pretrained	H3K4me3	0.014199999999999999	0.6031746031746031	189	1179
pretrained	H3K4me3	0.0144	0.5989304812834224	187	1179
pretrained	H3K4me3	0.014599999999999998	0.592391304347826	184	1179
pretrained	H3K4me3	0.014799999999999999	0.5911602209944752	181	1179
pretrained	H3K4me3	0.015	0.5888888888888889	180	1179
pretrained	H3K4me3	0.015199999999999998	0.5875706214689266	177	1179
pretrained	H3K4me3	0.015399999999999999	0.5862068965517241	174	1179
pretrained	H3K4me3	0.0156	0.5882352941176471	170	1179
pretrained	H3K4me3	0.015799999999999998	0.5882352941176471	170	1179
pretrained	H3K4me3	0.016	0.591715976331361	169	1179
pretrained	H3K4me3	0.0162	0.5914634146341463	164	1179
pretrained	H3K4me3	0.016399999999999998	0.6050955414012739	157	1179
pretrained	H3K4me3	0.0166	0.6	155	1179
pretrained	H3K4me3	0.0168	0.6052631578947368	152	1179
pretrained	H3K4me3	0.016999999999999998	0.6133333333333333	150	1179
pretrained	H3K4me3	0.0172	0.610738255033557	149	1179
pretrained	H3K4me3	0.0174	0.6041666666666666	144	1179
pretrained	H3K4me3	0.017599999999999998	0.5942028985507246	138	1179
pretrained	H3K4me3	0.0178	0.5912408759124088	137	1179
pretrained	H3K4me3	0.018	0.5851851851851851	135	1179
pretrained	H3K4me3	0.018199999999999997	0.5895522388059702	134	1179
pretrained	H3K4me3	0.0184	0.5939849624060151	133	1179
pretrained	H3K4me3	0.0186	0.5891472868217055	129	1179
pretrained	H3K4me3	0.018799999999999997	0.5826771653543307	127	1179
pretrained	H3K4me3	0.019	0.5826771653543307	127	1179
pretrained	H3K4me3	0.0192	0.5873015873015873	126	1179
pretrained	H3K4me3	0.019399999999999997	0.584	125	1179
pretrained	H3K4me3	0.0196	0.5772357723577236	123	1179
pretrained	H3K4me3	0.019799999999999998	0.5630252100840336	119	1179
pretrained	H3K4me3	0.019999999999999997	0.5630252100840336	119	1179
pretrained	H3K4me3	0.0202	0.5739130434782609	115	1179
pretrained	H3K4me3	0.020399999999999998	0.5739130434782609	115	1179
pretrained	H3K4me3	0.020599999999999997	0.5701754385964912	114	1179
pretrained	H3K4me3	0.0208	0.5663716814159292	113	1179
pretrained	H3K4me3	0.020999999999999998	0.5625	112	1179
pretrained	H3K4me3	0.021199999999999997	0.5625	112	1179
pretrained	H3K4me3	0.0214	0.5636363636363636	110	1179
pretrained	H3K4me3	0.021599999999999998	0.5688073394495413	109	1179
pretrained	H3K4me3	0.021799999999999996	0.5566037735849056	106	1179
pretrained	H3K4me3	0.022	0.5566037735849056	106	1179
pretrained	H3K4me3	0.022199999999999998	0.5631067961165048	103	1179
pretrained	H3K4me3	0.022399999999999996	0.5631067961165048	103	1179
pretrained	H3K4me3	0.0226	0.56	100	1179
pretrained	H3K4me3	0.022799999999999997	0.56	100	1179
pretrained	H3K4me3	0.023	0.5555555555555556	99	1179
pretrained	H3K4me3	0.0232	0.5567010309278351	97	1179
pretrained	H3K4me3	0.023399999999999997	0.5520833333333334	96	1179
pretrained	H3K4me3	0.0236	0.5578947368421052	95	1179
pretrained	H3K4me3	0.023799999999999998	0.5578947368421052	95	1179
pretrained	H3K4me3	0.023999999999999997	0.5531914893617021	94	1179
pretrained	H3K4me3	0.0242	0.5531914893617021	94	1179
pretrained	H3K4me3	0.024399999999999998	0.5543478260869565	92	1179
pretrained	H3K4me3	0.024599999999999997	0.5494505494505495	91	1179
pretrained	H3K4me3	0.0248	0.5555555555555556	90	1179
pretrained	H3K4me3	0.024999999999999998	0.5617977528089888	89	1179
pretrained	H3K4me3	0.025199999999999997	0.5568181818181818	88	1179
pretrained	H3K4me3	0.0254	0.5632183908045977	87	1179
pretrained	H3K4me3	0.025599999999999998	0.5632183908045977	87	1179
pretrained	H3K4me3	0.025799999999999997	0.5595238095238095	84	1179
pretrained	H3K4me3	0.026	0.5662650602409639	83	1179
pretrained	H3K4me3	0.026199999999999998	0.5662650602409639	83	1179
pretrained	H3K4me3	0.026399999999999996	0.5662650602409639	83	1179
pretrained	H3K4me3	0.0266	0.5609756097560976	82	1179
pretrained	H3K4me3	0.026799999999999997	0.5609756097560976	82	1179
pretrained	H3K4me3	0.026999999999999996	0.5625	80	1179
pretrained	H3K4me3	0.0272	0.569620253164557	79	1179
pretrained	H3K4me3	0.027399999999999997	0.5769230769230769	78	1179
pretrained	H3K4me3	0.027599999999999996	0.5921052631578947	76	1179
pretrained	H3K4me3	0.0278	0.5945945945945946	74	1179
pretrained	H3K4me3	0.027999999999999997	0.5945945945945946	74	1179
pretrained	H3K4me3	0.028199999999999996	0.5972222222222222	72	1179
pretrained	H3K4me3	0.028399999999999998	0.6142857142857143	70	1179
pretrained	H3K4me3	0.028599999999999997	0.6142857142857143	70	1179
pretrained	H3K4me3	0.0288	0.6142857142857143	70	1179
pretrained	H3K4me3	0.028999999999999998	0.6231884057971014	69	1179
pretrained	H3K4me3	0.029199999999999997	0.6176470588235294	68	1179
pretrained	H3K4me3	0.0294	0.6176470588235294	68	1179
pretrained	H3K4me3	0.029599999999999998	0.6176470588235294	68	1179
pretrained	H3K4me3	0.029799999999999997	0.6212121212121212	66	1179
pretrained	H3K4me3	0.03	0.6212121212121212	66	1179
pretrained	H3K4me3	0.030199999999999998	0.6307692307692307	65	1179
pretrained	H3K4me3	0.030399999999999996	0.6290322580645161	62	1179
pretrained	H3K4me3	0.0306	0.6290322580645161	62	1179
pretrained	H3K4me3	0.030799999999999998	0.6290322580645161	62	1179
pretrained	H3K4me3	0.030999999999999996	0.6290322580645161	62	1179
pretrained	H3K4me3	0.0312	0.6440677966101694	59	1179
pretrained	H3K4me3	0.0314	0.6551724137931034	58	1179
pretrained	H3K4me3	0.031599999999999996	0.6551724137931034	58	1179
pretrained	H3K4me3	0.031799999999999995	0.6551724137931034	58	1179
pretrained	H3K4me3	0.032	0.6551724137931034	58	1179
pretrained	H3K4me3	0.0322	0.6491228070175439	57	1179
pretrained	H3K4me3	0.0324	0.6428571428571429	56	1179
pretrained	H3K4me3	0.0326	0.6666666666666666	54	1179
pretrained	H3K4me3	0.032799999999999996	0.6666666666666666	54	1179
pretrained	H3K4me3	0.032999999999999995	0.6666666666666666	54	1179
pretrained	H3K4me3	0.0332	0.660377358490566	53	1179
pretrained	H3K4me3	0.0334	0.660377358490566	53	1179
pretrained	H3K4me3	0.0336	0.6538461538461539	52	1179
pretrained	H3K4me3	0.0338	0.6666666666666666	51	1179
pretrained	H3K4me3	0.033999999999999996	0.6666666666666666	51	1179
pretrained	H3K4me3	0.034199999999999994	0.673469387755102	49	1179
pretrained	H3K4me3	0.0344	0.673469387755102	49	1179
pretrained	H3K4me3	0.0346	0.673469387755102	49	1179
pretrained	H3K4me3	0.0348	0.6666666666666666	48	1179
pretrained	H3K4me3	0.034999999999999996	0.6808510638297872	47	1179
pretrained	H3K4me3	0.035199999999999995	0.6808510638297872	47	1179
pretrained	H3K4me3	0.035399999999999994	0.6808510638297872	47	1179
pretrained	H3K4me3	0.0356	0.6808510638297872	47	1179
pretrained	H3K4me3	0.0358	0.6956521739130435	46	1179
pretrained	H3K4me3	0.036	0.6888888888888889	45	1179
pretrained	H3K4me3	0.036199999999999996	0.6818181818181818	44	1179
pretrained	H3K4me3	0.036399999999999995	0.6818181818181818	44	1179
pretrained	H3K4me3	0.036599999999999994	0.6976744186046512	43	1179
pretrained	H3K4me3	0.0368	0.6976744186046512	43	1179
pretrained	H3K4me3	0.037	0.7142857142857143	42	1179
pretrained	H3K4me3	0.0372	0.7142857142857143	42	1179
pretrained	H3K4me3	0.037399999999999996	0.7073170731707317	41	1179
pretrained	H3K4me3	0.037599999999999995	0.7	40	1179
pretrained	H3K4me3	0.03779999999999999	0.7	40	1179
pretrained	H3K4me3	0.038	0.7	40	1179
pretrained	H3K4me3	0.0382	0.717948717948718	39	1179
pretrained	H3K4me3	0.0384	0.717948717948718	39	1179
pretrained	H3K4me3	0.038599999999999995	0.7368421052631579	38	1179
pretrained	H3K4me3	0.038799999999999994	0.7368421052631579	38	1179
pretrained	H3K4me3	0.039	0.7297297297297297	37	1179
pretrained	H3K4me3	0.0392	0.7297297297297297	37	1179
pretrained	H3K4me3	0.0394	0.75	36	1179
pretrained	H3K4me3	0.039599999999999996	0.75	36	1179
pretrained	H3K4me3	0.039799999999999995	0.7428571428571429	35	1179
pretrained	H3K4me3	0.039999999999999994	0.7428571428571429	35	1179
pretrained	H3K4me3	0.0402	0.7428571428571429	35	1179
pretrained	H3K4me3	0.0404	0.7428571428571429	35	1179
pretrained	H3K4me3	0.0406	0.7428571428571429	35	1179
pretrained	H3K4me3	0.040799999999999996	0.7428571428571429	35	1179
pretrained	H3K4me3	0.040999999999999995	0.7428571428571429	35	1179
pretrained	H3K4me3	0.041199999999999994	0.7428571428571429	35	1179
pretrained	H3K4me3	0.0414	0.7428571428571429	35	1179
pretrained	H3K4me3	0.0416	0.7428571428571429	35	1179
pretrained	H3K4me3	0.0418	0.7428571428571429	35	1179
pretrained	H3K4me3	0.041999999999999996	0.7428571428571429	35	1179
pretrained	H3K4me3	0.042199999999999994	0.7428571428571429	35	1179
pretrained	H3K4me3	0.04239999999999999	0.7428571428571429	35	1179
pretrained	H3K4me3	0.0426	0.7428571428571429	35	1179
pretrained	H3K4me3	0.0428	0.7352941176470589	34	1179
pretrained	H3K4me3	0.043	0.7575757575757576	33	1179
pretrained	H3K4me3	0.043199999999999995	0.7575757575757576	33	1179
pretrained	H3K4me3	0.043399999999999994	0.7575757575757576	33	1179
pretrained	H3K4me3	0.04359999999999999	0.7575757575757576	33	1179
pretrained	H3K4me3	0.0438	0.7575757575757576	33	1179
pretrained	H3K4me3	0.044	0.7575757575757576	33	1179
pretrained	H3K4me3	0.044199999999999996	0.75	32	1179
pretrained	H3K4me3	0.044399999999999995	0.75	32	1179
pretrained	H3K4me3	0.044599999999999994	0.75	32	1179
pretrained	H3K4me3	0.04479999999999999	0.75	32	1179
pretrained	H3K4me3	0.045	0.75	32	1179
pretrained	H3K4me3	0.0452	0.7741935483870968	31	1179
pretrained	H3K4me3	0.045399999999999996	0.7741935483870968	31	1179
pretrained	H3K4me3	0.045599999999999995	0.7741935483870968	31	1179
pretrained	H3K4me3	0.045799999999999993	0.7666666666666667	30	1179
pretrained	H3K4me3	0.046	0.7666666666666667	30	1179
pretrained	H3K4me3	0.0462	0.7666666666666667	30	1179
pretrained	H3K4me3	0.0464	0.7586206896551724	29	1179
pretrained	H3K4me3	0.046599999999999996	0.7586206896551724	29	1179
pretrained	H3K4me3	0.046799999999999994	0.75	28	1179
pretrained	H3K4me3	0.04699999999999999	0.75	28	1179
pretrained	H3K4me3	0.0472	0.75	28	1179
pretrained	H3K4me3	0.0474	0.75	28	1179
pretrained	H3K4me3	0.047599999999999996	0.7777777777777778	27	1179
pretrained	H3K4me3	0.047799999999999995	0.7777777777777778	27	1179
pretrained	H3K4me3	0.047999999999999994	0.7777777777777778	27	1179
pretrained	H3K4me3	0.04819999999999999	0.7777777777777778	27	1179
pretrained	H3K4me3	0.0484	0.7777777777777778	27	1179
pretrained	H3K4me3	0.0486	0.7692307692307693	26	1179
pretrained	H3K4me3	0.048799999999999996	0.7692307692307693	26	1179
pretrained	H3K4me3	0.048999999999999995	0.7692307692307693	26	1179
pretrained	H3K4me3	0.049199999999999994	0.7692307692307693	26	1179
pretrained	H3K4me3	0.04939999999999999	0.8	25	1179
pretrained	H3K4me3	0.0496	0.8	25	1179
pretrained	H3K4me3	0.0498	0.8	25	1179
pretrained	H3K4me3	0.049999999999999996	0.8	25	1179
pretrained	H3K4me3	0.050199999999999995	0.8	25	1179
pretrained	H3K4me3	0.05039999999999999	0.8	25	1179
pretrained	H3K4me3	0.05059999999999999	0.8	25	1179
pretrained	H3K4me3	0.0508	0.8	25	1179
pretrained	H3K4me3	0.051	0.8	25	1179
pretrained	H3K4me3	0.051199999999999996	0.7916666666666666	24	1179
pretrained	H3K4me3	0.051399999999999994	0.7916666666666666	24	1179
pretrained	H3K4me3	0.05159999999999999	0.8260869565217391	23	1179
pretrained	H3K4me3	0.0518	0.8260869565217391	23	1179
pretrained	H3K4me3	0.052	0.8260869565217391	23	1179
pretrained	H3K4me3	0.052199999999999996	0.8260869565217391	23	1179
pretrained	H3K4me3	0.052399999999999995	0.8260869565217391	23	1179
pretrained	H3K4me3	0.052599999999999994	0.8260869565217391	23	1179
pretrained	H3K4me3	0.05279999999999999	0.8260869565217391	23	1179
pretrained	H3K4me3	0.053	0.8260869565217391	23	1179
pretrained	H3K4me3	0.0532	0.8181818181818182	22	1179
pretrained	H3K4me3	0.053399999999999996	0.8181818181818182	22	1179
pretrained	H3K4me3	0.053599999999999995	0.8181818181818182	22	1179
pretrained	H3K4me3	0.053799999999999994	0.8571428571428571	21	1179
pretrained	H3K4me3	0.05399999999999999	0.8571428571428571	21	1179
pretrained	H3K4me3	0.0542	0.85	20	1179
pretrained	H3K4me3	0.0544	0.85	20	1179
pretrained	H3K4me3	0.054599999999999996	0.85	20	1179
pretrained	H3K4me3	0.054799999999999995	0.85	20	1179
pretrained	H3K4me3	0.05499999999999999	0.85	20	1179
pretrained	H3K4me3	0.05519999999999999	0.85	20	1179
pretrained	H3K4me3	0.0554	0.85	20	1179
pretrained	H3K4me3	0.0556	0.85	20	1179
pretrained	H3K4me3	0.055799999999999995	0.85	20	1179
pretrained	H3K4me3	0.055999999999999994	0.85	20	1179
pretrained	H3K4me3	0.05619999999999999	0.85	20	1179
pretrained	H3K4me3	0.05639999999999999	0.85	20	1179
pretrained	H3K4me3	0.0566	0.85	20	1179
pretrained	H3K4me3	0.056799999999999996	0.85	20	1179
pretrained	H3K4me3	0.056999999999999995	0.85	20	1179
pretrained	H3K4me3	0.057199999999999994	0.85	20	1179
pretrained	H3K4me3	0.05739999999999999	0.8421052631578947	19	1179
pretrained	H3K4me3	0.0576	0.8421052631578947	19	1179
pretrained	H3K4me3	0.0578	0.8421052631578947	19	1179
pretrained	H3K4me3	0.057999999999999996	0.8421052631578947	19	1179
pretrained	H3K4me3	0.058199999999999995	0.8333333333333334	18	1179
pretrained	H3K4me3	0.058399999999999994	0.8333333333333334	18	1179
pretrained	H3K4me3	0.05859999999999999	0.8333333333333334	18	1179
pretrained	H3K4me3	0.0588	0.8333333333333334	18	1179
pretrained	H3K4me3	0.059	0.8333333333333334	18	1179
pretrained	H3K4me3	0.059199999999999996	0.8125	16	1179
pretrained	H3K4me3	0.059399999999999994	0.8	15	1179
pretrained	H3K4me3	0.05959999999999999	0.8	15	1179
pretrained	H3K4me3	0.05979999999999999	0.8	15	1179
pretrained	H3K4me3	0.06	0.8	15	1179
pretrained	H3K27ac	0.0	0.5247524752475248	1616	1616
pretrained	H3K27ac	0.0002666666666666667	0.5292570677186061	1521	1616
pretrained	H3K27ac	0.0005333333333333334	0.532314107018763	1439	1616
pretrained	H3K27ac	0.0008	0.5349702380952381	1344	1616
pretrained	H3K27ac	0.0010666666666666667	0.5351778656126482	1265	1616
pretrained	H3K27ac	0.0013333333333333335	0.5414920368818106	1193	1616
pretrained	H3K27ac	0.0016	0.5416666666666666	1128	1616
pretrained	H3K27ac	0.0018666666666666666	0.5402621722846442	1068	1616
pretrained	H3K27ac	0.0021333333333333334	0.5437375745526839	1006	1616
pretrained	H3K27ac	0.0024000000000000002	0.5433646812957158	957	1616
pretrained	H3K27ac	0.002666666666666667	0.5442477876106194	904	1616
pretrained	H3K27ac	0.0029333333333333334	0.5436781609195402	870	1616
pretrained	H3K27ac	0.0032	0.5425149700598803	835	1616
pretrained	H3K27ac	0.003466666666666667	0.5462610899873257	789	1616
pretrained	H3K27ac	0.0037333333333333333	0.5557046979865772	745	1616
pretrained	H3K27ac	0.004	0.5630252100840336	714	1616
pretrained	H3K27ac	0.004266666666666667	0.5596465390279823	679	1616
pretrained	H3K27ac	0.004533333333333334	0.5576036866359447	651	1616
pretrained	H3K27ac	0.0048000000000000004	0.5587301587301587	630	1616
pretrained	H3K27ac	0.005066666666666667	0.5603305785123966	605	1616
pretrained	H3K27ac	0.005333333333333334	0.5633561643835616	584	1616
pretrained	H3K27ac	0.0056	0.5529197080291971	548	1616
pretrained	H3K27ac	0.005866666666666667	0.5579150579150579	518	1616
pretrained	H3K27ac	0.0061333333333333335	0.556910569105691	492	1616
pretrained	H3K27ac	0.0064	0.5654008438818565	474	1616
pretrained	H3K27ac	0.006666666666666667	0.5664488017429193	459	1616
pretrained	H3K27ac	0.006933333333333334	0.5681818181818182	440	1616
pretrained	H3K27ac	0.007200000000000001	0.5738095238095238	420	1616
pretrained	H3K27ac	0.007466666666666667	0.5728395061728395	405	1616
pretrained	H3K27ac	0.007733333333333333	0.579746835443038	395	1616
pretrained	H3K27ac	0.008	0.5807291666666666	384	1616
pretrained	H3K27ac	0.008266666666666667	0.5828877005347594	374	1616
pretrained	H3K27ac	0.008533333333333334	0.5819672131147541	366	1616
pretrained	H3K27ac	0.0088	0.5880681818181818	352	1616
pretrained	H3K27ac	0.009066666666666667	0.5884057971014492	345	1616
pretrained	H3K27ac	0.009333333333333334	0.5885885885885885	333	1616
pretrained	H3K27ac	0.009600000000000001	0.5884146341463414	328	1616
pretrained	H3K27ac	0.009866666666666668	0.5882352941176471	323	1616
pretrained	H3K27ac	0.010133333333333334	0.6	310	1616
pretrained	H3K27ac	0.010400000000000001	0.6047297297297297	296	1616
pretrained	H3K27ac	0.010666666666666668	0.5950704225352113	284	1616
pretrained	H3K27ac	0.010933333333333333	0.6057347670250897	279	1616
pretrained	H3K27ac	0.0112	0.6058394160583942	274	1616
pretrained	H3K27ac	0.011466666666666667	0.6133828996282528	269	1616
pretrained	H3K27ac	0.011733333333333333	0.6053639846743295	261	1616
pretrained	H3K27ac	0.012	0.6070038910505836	257	1616
pretrained	H3K27ac	0.012266666666666667	0.6086956521739131	253	1616
pretrained	H3K27ac	0.012533333333333334	0.606425702811245	249	1616
pretrained	H3K27ac	0.0128	0.6008403361344538	238	1616
pretrained	H3K27ac	0.013066666666666667	0.6085106382978723	235	1616
pretrained	H3K27ac	0.013333333333333334	0.6116071428571429	224	1616
pretrained	H3K27ac	0.013600000000000001	0.6136363636363636	220	1616
pretrained	H3K27ac	0.013866666666666668	0.6150234741784038	213	1616
pretrained	H3K27ac	0.014133333333333335	0.6183574879227053	207	1616
pretrained	H3K27ac	0.014400000000000001	0.6169154228855721	201	1616
pretrained	H3K27ac	0.014666666666666668	0.6224489795918368	196	1616
pretrained	H3K27ac	0.014933333333333333	0.6190476190476191	189	1616
pretrained	H3K27ac	0.0152	0.6256684491978609	187	1616
pretrained	H3K27ac	0.015466666666666667	0.6174863387978142	183	1616
pretrained	H3K27ac	0.015733333333333335	0.6179775280898876	178	1616
pretrained	H3K27ac	0.016	0.6242774566473989	173	1616
pretrained	H3K27ac	0.01626666666666667	0.625	168	1616
pretrained	H3K27ac	0.016533333333333334	0.6319018404907976	163	1616
pretrained	H3K27ac	0.016800000000000002	0.6289308176100629	159	1616
pretrained	H3K27ac	0.017066666666666667	0.6282051282051282	156	1616
pretrained	H3K27ac	0.017333333333333333	0.6405228758169934	153	1616
pretrained	H3K27ac	0.0176	0.6486486486486487	148	1616
pretrained	H3K27ac	0.017866666666666666	0.6482758620689655	145	1616
pretrained	H3K27ac	0.018133333333333335	0.647887323943662	142	1616
pretrained	H3K27ac	0.0184	0.656934306569343	137	1616
pretrained	H3K27ac	0.018666666666666668	0.6567164179104478	134	1616
pretrained	H3K27ac	0.018933333333333333	0.6538461538461539	130	1616
pretrained	H3K27ac	0.019200000000000002	0.65625	128	1616
pretrained	H3K27ac	0.019466666666666667	0.6614173228346457	127	1616
pretrained	H3K27ac	0.019733333333333335	0.6666666666666666	123	1616
pretrained	H3K27ac	0.02	0.6694214876033058	121	1616
pretrained	H3K27ac	0.02026666666666667	0.6694214876033058	121	1616
pretrained	H3K27ac	0.020533333333333334	0.6722689075630253	119	1616
pretrained	H3K27ac	0.020800000000000003	0.6842105263157895	114	1616
pretrained	H3K27ac	0.021066666666666668	0.6902654867256637	113	1616
pretrained	H3K27ac	0.021333333333333336	0.7075471698113207	106	1616
pretrained	H3K27ac	0.0216	0.7352941176470589	102	1616
pretrained	H3K27ac	0.021866666666666666	0.7319587628865979	97	1616
pretrained	H3K27ac	0.022133333333333335	0.7291666666666666	96	1616
pretrained	H3K27ac	0.0224	0.7291666666666666	96	1616
pretrained	H3K27ac	0.02266666666666667	0.7263157894736842	95	1616
pretrained	H3K27ac	0.022933333333333333	0.7263157894736842	95	1616
pretrained	H3K27ac	0.023200000000000002	0.723404255319149	94	1616
pretrained	H3K27ac	0.023466666666666667	0.7204301075268817	93	1616
pretrained	H3K27ac	0.023733333333333335	0.7282608695652174	92	1616
pretrained	H3K27ac	0.024	0.7282608695652174	92	1616
pretrained	H3K27ac	0.02426666666666667	0.7362637362637363	91	1616
pretrained	H3K27ac	0.024533333333333334	0.7613636363636364	88	1616
pretrained	H3K27ac	0.024800000000000003	0.7647058823529411	85	1616
pretrained	H3K27ac	0.025066666666666668	0.7590361445783133	83	1616
pretrained	H3K27ac	0.025333333333333336	0.7625	80	1616
pretrained	H3K27ac	0.0256	0.7692307692307693	78	1616
pretrained	H3K27ac	0.025866666666666666	0.7792207792207793	77	1616
pretrained	H3K27ac	0.026133333333333335	0.7792207792207793	77	1616
pretrained	H3K27ac	0.0264	0.7792207792207793	77	1616
pretrained	H3K27ac	0.02666666666666667	0.7894736842105263	76	1616
pretrained	H3K27ac	0.026933333333333333	0.7894736842105263	76	1616
pretrained	H3K27ac	0.027200000000000002	0.7894736842105263	76	1616
pretrained	H3K27ac	0.027466666666666667	0.7866666666666666	75	1616
pretrained	H3K27ac	0.027733333333333336	0.7837837837837838	74	1616
pretrained	H3K27ac	0.028	0.7837837837837838	74	1616
pretrained	H3K27ac	0.02826666666666667	0.7777777777777778	72	1616
pretrained	H3K27ac	0.028533333333333334	0.7746478873239436	71	1616
pretrained	H3K27ac	0.028800000000000003	0.7746478873239436	71	1616
pretrained	H3K27ac	0.029066666666666668	0.7714285714285715	70	1616
pretrained	H3K27ac	0.029333333333333336	0.7794117647058824	68	1616
pretrained	H3K27ac	0.0296	0.7878787878787878	66	1616
pretrained	H3K27ac	0.029866666666666666	0.8	65	1616
pretrained	H3K27ac	0.030133333333333335	0.8	65	1616
pretrained	H3K27ac	0.0304	0.8	65	1616
pretrained	H3K27ac	0.03066666666666667	0.8	65	1616
pretrained	H3K27ac	0.030933333333333334	0.796875	64	1616
pretrained	H3K27ac	0.031200000000000002	0.796875	64	1616
pretrained	H3K27ac	0.03146666666666667	0.7936507936507936	63	1616
pretrained	H3K27ac	0.031733333333333336	0.8064516129032258	62	1616
pretrained	H3K27ac	0.032	0.8032786885245902	61	1616
pretrained	H3K27ac	0.032266666666666666	0.8032786885245902	61	1616
pretrained	H3K27ac	0.03253333333333334	0.8032786885245902	61	1616
pretrained	H3K27ac	0.0328	0.8135593220338984	59	1616
pretrained	H3K27ac	0.03306666666666667	0.8103448275862069	58	1616
pretrained	H3K27ac	0.03333333333333333	0.8103448275862069	58	1616
pretrained	H3K27ac	0.033600000000000005	0.8245614035087719	57	1616
pretrained	H3K27ac	0.03386666666666667	0.8245614035087719	57	1616
pretrained	H3K27ac	0.034133333333333335	0.8245614035087719	57	1616
pretrained	H3K27ac	0.0344	0.8245614035087719	57	1616
pretrained	H3K27ac	0.034666666666666665	0.8214285714285714	56	1616
pretrained	H3K27ac	0.03493333333333334	0.8214285714285714	56	1616
pretrained	H3K27ac	0.0352	0.8363636363636363	55	1616
pretrained	H3K27ac	0.03546666666666667	0.8301886792452831	53	1616
pretrained	H3K27ac	0.03573333333333333	0.8301886792452831	53	1616
pretrained	H3K27ac	0.036000000000000004	0.8461538461538461	52	1616
pretrained	H3K27ac	0.03626666666666667	0.8461538461538461	52	1616
pretrained	H3K27ac	0.036533333333333334	0.8431372549019608	51	1616
pretrained	H3K27ac	0.0368	0.8431372549019608	51	1616
pretrained	H3K27ac	0.03706666666666667	0.8431372549019608	51	1616
pretrained	H3K27ac	0.037333333333333336	0.8431372549019608	51	1616
pretrained	H3K27ac	0.0376	0.8431372549019608	51	1616
pretrained	H3K27ac	0.037866666666666667	0.84	50	1616
pretrained	H3K27ac	0.03813333333333334	0.84	50	1616
pretrained	H3K27ac	0.038400000000000004	0.84	50	1616
pretrained	H3K27ac	0.03866666666666667	0.84	50	1616
pretrained	H3K27ac	0.038933333333333334	0.84	50	1616
pretrained	H3K27ac	0.0392	0.84	50	1616
pretrained	H3K27ac	0.03946666666666667	0.8367346938775511	49	1616
pretrained	H3K27ac	0.039733333333333336	0.8367346938775511	49	1616
pretrained	H3K27ac	0.04	0.8333333333333334	48	1616
pretrained	H3K27ac	0.040266666666666666	0.8333333333333334	48	1616
pretrained	H3K27ac	0.04053333333333334	0.8333333333333334	48	1616
pretrained	H3K27ac	0.0408	0.8333333333333334	48	1616
pretrained	H3K27ac	0.04106666666666667	0.8297872340425532	47	1616
pretrained	H3K27ac	0.04133333333333333	0.8478260869565217	46	1616
pretrained	H3K27ac	0.041600000000000005	0.8478260869565217	46	1616
pretrained	H3K27ac	0.04186666666666667	0.8478260869565217	46	1616
pretrained	H3K27ac	0.042133333333333335	0.8478260869565217	46	1616
pretrained	H3K27ac	0.0424	0.8863636363636364	44	1616
pretrained	H3K27ac	0.04266666666666667	0.8837209302325582	43	1616
pretrained	H3K27ac	0.04293333333333334	0.8837209302325582	43	1616
pretrained	H3K27ac	0.0432	0.8837209302325582	43	1616
pretrained	H3K27ac	0.04346666666666667	0.8837209302325582	43	1616
pretrained	H3K27ac	0.04373333333333333	0.8837209302325582	43	1616
pretrained	H3K27ac	0.044000000000000004	0.8809523809523809	42	1616
pretrained	H3K27ac	0.04426666666666667	0.8780487804878049	41	1616
pretrained	H3K27ac	0.044533333333333334	0.875	40	1616
pretrained	H3K27ac	0.0448	0.875	40	1616
pretrained	H3K27ac	0.04506666666666667	0.8717948717948718	39	1616
pretrained	H3K27ac	0.04533333333333334	0.8717948717948718	39	1616
pretrained	H3K27ac	0.0456	0.8717948717948718	39	1616
pretrained	H3K27ac	0.04586666666666667	0.8717948717948718	39	1616
pretrained	H3K27ac	0.04613333333333334	0.8611111111111112	36	1616
pretrained	H3K27ac	0.046400000000000004	0.8611111111111112	36	1616
pretrained	H3K27ac	0.04666666666666667	0.8611111111111112	36	1616
pretrained	H3K27ac	0.046933333333333334	0.8611111111111112	36	1616
pretrained	H3K27ac	0.0472	0.8571428571428571	35	1616
pretrained	H3K27ac	0.04746666666666667	0.8571428571428571	35	1616
pretrained	H3K27ac	0.047733333333333336	0.8571428571428571	35	1616
pretrained	H3K27ac	0.048	0.8529411764705882	34	1616
pretrained	H3K27ac	0.048266666666666666	0.8484848484848485	33	1616
pretrained	H3K27ac	0.04853333333333334	0.8484848484848485	33	1616
pretrained	H3K27ac	0.0488	0.8484848484848485	33	1616
pretrained	H3K27ac	0.04906666666666667	0.8484848484848485	33	1616
pretrained	H3K27ac	0.04933333333333333	0.875	32	1616
pretrained	H3K27ac	0.049600000000000005	0.875	32	1616
pretrained	H3K27ac	0.04986666666666667	0.875	32	1616
pretrained	H3K27ac	0.050133333333333335	0.875	32	1616
pretrained	H3K27ac	0.0504	0.875	32	1616
pretrained	H3K27ac	0.05066666666666667	0.8709677419354839	31	1616
pretrained	H3K27ac	0.05093333333333334	0.8709677419354839	31	1616
pretrained	H3K27ac	0.0512	0.8709677419354839	31	1616
pretrained	H3K27ac	0.05146666666666667	0.8709677419354839	31	1616
pretrained	H3K27ac	0.05173333333333333	0.8666666666666667	30	1616
pretrained	H3K27ac	0.052000000000000005	0.8666666666666667	30	1616
pretrained	H3K27ac	0.05226666666666667	0.8666666666666667	30	1616
pretrained	H3K27ac	0.052533333333333335	0.8666666666666667	30	1616
pretrained	H3K27ac	0.0528	0.8666666666666667	30	1616
pretrained	H3K27ac	0.05306666666666667	0.8666666666666667	30	1616
pretrained	H3K27ac	0.05333333333333334	0.8666666666666667	30	1616
pretrained	H3K27ac	0.0536	0.8666666666666667	30	1616
pretrained	H3K27ac	0.05386666666666667	0.8666666666666667	30	1616
pretrained	H3K27ac	0.05413333333333334	0.8666666666666667	30	1616
pretrained	H3K27ac	0.054400000000000004	0.8620689655172413	29	1616
pretrained	H3K27ac	0.05466666666666667	0.8620689655172413	29	1616
pretrained	H3K27ac	0.054933333333333334	0.8620689655172413	29	1616
pretrained	H3K27ac	0.055200000000000006	0.8620689655172413	29	1616
pretrained	H3K27ac	0.05546666666666667	0.8620689655172413	29	1616
pretrained	H3K27ac	0.055733333333333336	0.8620689655172413	29	1616
pretrained	H3K27ac	0.056	0.8620689655172413	29	1616
pretrained	H3K27ac	0.056266666666666666	0.8928571428571429	28	1616
pretrained	H3K27ac	0.05653333333333334	0.8928571428571429	28	1616
pretrained	H3K27ac	0.0568	0.8888888888888888	27	1616
pretrained	H3K27ac	0.05706666666666667	0.8888888888888888	27	1616
pretrained	H3K27ac	0.05733333333333333	0.8846153846153846	26	1616
pretrained	H3K27ac	0.057600000000000005	0.8846153846153846	26	1616
pretrained	H3K27ac	0.05786666666666667	0.8846153846153846	26	1616
pretrained	H3K27ac	0.058133333333333335	0.8846153846153846	26	1616
pretrained	H3K27ac	0.0584	0.8846153846153846	26	1616
pretrained	H3K27ac	0.05866666666666667	0.8846153846153846	26	1616
pretrained	H3K27ac	0.05893333333333334	0.8846153846153846	26	1616
pretrained	H3K27ac	0.0592	0.88	25	1616
pretrained	H3K27ac	0.05946666666666667	0.9166666666666666	24	1616
pretrained	H3K27ac	0.05973333333333333	0.9166666666666666	24	1616
pretrained	H3K27ac	0.060000000000000005	0.9166666666666666	24	1616
pretrained	H3K27ac	0.06026666666666667	0.9166666666666666	24	1616
pretrained	H3K27ac	0.060533333333333335	0.9166666666666666	24	1616
pretrained	H3K27ac	0.0608	0.9166666666666666	24	1616
pretrained	H3K27ac	0.06106666666666667	0.9166666666666666	24	1616
pretrained	H3K27ac	0.06133333333333334	0.9130434782608695	23	1616
pretrained	H3K27ac	0.0616	0.9130434782608695	23	1616
pretrained	H3K27ac	0.06186666666666667	0.9130434782608695	23	1616
pretrained	H3K27ac	0.06213333333333334	0.9130434782608695	23	1616
pretrained	H3K27ac	0.062400000000000004	0.9130434782608695	23	1616
pretrained	H3K27ac	0.06266666666666668	0.9130434782608695	23	1616
pretrained	H3K27ac	0.06293333333333334	0.9130434782608695	23	1616
pretrained	H3K27ac	0.0632	0.9130434782608695	23	1616
pretrained	H3K27ac	0.06346666666666667	0.9130434782608695	23	1616
pretrained	H3K27ac	0.06373333333333334	0.9130434782608695	23	1616
pretrained	H3K27ac	0.064	0.9130434782608695	23	1616
pretrained	H3K27ac	0.06426666666666667	0.9090909090909091	22	1616
pretrained	H3K27ac	0.06453333333333333	0.9090909090909091	22	1616
pretrained	H3K27ac	0.0648	0.9090909090909091	22	1616
pretrained	H3K27ac	0.06506666666666668	0.9047619047619048	21	1616
pretrained	H3K27ac	0.06533333333333334	0.9047619047619048	21	1616
pretrained	H3K27ac	0.0656	0.9047619047619048	21	1616
pretrained	H3K27ac	0.06586666666666667	0.9047619047619048	21	1616
pretrained	H3K27ac	0.06613333333333334	0.9047619047619048	21	1616
pretrained	H3K27ac	0.0664	0.9047619047619048	21	1616
pretrained	H3K27ac	0.06666666666666667	0.9	20	1616
pretrained	H3K27ac	0.06693333333333333	0.9	20	1616
pretrained	H3K27ac	0.06720000000000001	0.9	20	1616
pretrained	H3K27ac	0.06746666666666667	0.9	20	1616
pretrained	H3K27ac	0.06773333333333334	0.9	20	1616
pretrained	H3K27ac	0.068	0.9	20	1616
pretrained	H3K27ac	0.06826666666666667	0.9	20	1616
pretrained	H3K27ac	0.06853333333333333	0.9	20	1616
pretrained	H3K27ac	0.0688	0.9	20	1616
pretrained	H3K27ac	0.06906666666666667	0.9	20	1616
pretrained	H3K27ac	0.06933333333333333	0.9	20	1616
pretrained	H3K27ac	0.06960000000000001	0.8947368421052632	19	1616
pretrained	H3K27ac	0.06986666666666667	0.8947368421052632	19	1616
pretrained	H3K27ac	0.07013333333333334	0.8947368421052632	19	1616
pretrained	H3K27ac	0.0704	0.8947368421052632	19	1616
pretrained	H3K27ac	0.07066666666666667	0.8947368421052632	19	1616
pretrained	H3K27ac	0.07093333333333333	0.8823529411764706	17	1616
pretrained	H3K27ac	0.0712	0.8823529411764706	17	1616
pretrained	H3K27ac	0.07146666666666666	0.8823529411764706	17	1616
pretrained	H3K27ac	0.07173333333333334	0.8823529411764706	17	1616
pretrained	H3K27ac	0.07200000000000001	0.8823529411764706	17	1616
pretrained	H3K27ac	0.07226666666666667	0.8823529411764706	17	1616
pretrained	H3K27ac	0.07253333333333334	0.8823529411764706	17	1616
pretrained	H3K27ac	0.0728	0.8823529411764706	17	1616
pretrained	H3K27ac	0.07306666666666667	0.8823529411764706	17	1616
pretrained	H3K27ac	0.07333333333333333	0.875	16	1616
pretrained	H3K27ac	0.0736	0.875	16	1616
pretrained	H3K27ac	0.07386666666666666	0.8666666666666667	15	1616
pretrained	H3K27ac	0.07413333333333334	0.8666666666666667	15	1616
pretrained	H3K27ac	0.07440000000000001	0.8666666666666667	15	1616
pretrained	H3K27ac	0.07466666666666667	0.8666666666666667	15	1616
pretrained	H3K27ac	0.07493333333333334	0.8666666666666667	15	1616
pretrained	H3K27ac	0.0752	0.8666666666666667	15	1616
pretrained	H3K27ac	0.07546666666666667	0.8571428571428571	14	1616
pretrained	H3K27ac	0.07573333333333333	0.8571428571428571	14	1616
pretrained	H3K27ac	0.076	0.8571428571428571	14	1616
pretrained	H3K27ac	0.07626666666666668	0.8571428571428571	14	1616
pretrained	H3K27ac	0.07653333333333334	0.8461538461538461	13	1616
pretrained	H3K27ac	0.07680000000000001	0.8461538461538461	13	1616
pretrained	H3K27ac	0.07706666666666667	0.8461538461538461	13	1616
pretrained	H3K27ac	0.07733333333333334	0.8461538461538461	13	1616
pretrained	H3K27ac	0.0776	0.8461538461538461	13	1616
pretrained	H3K27ac	0.07786666666666667	0.8461538461538461	13	1616
pretrained	H3K27ac	0.07813333333333333	0.8461538461538461	13	1616
pretrained	H3K27ac	0.0784	0.8461538461538461	13	1616
pretrained	H3K27ac	0.07866666666666668	0.8461538461538461	13	1616
pretrained	H3K27ac	0.07893333333333334	0.8461538461538461	13	1616
pretrained	H3K27ac	0.0792	0.8461538461538461	13	1616
pretrained	H3K27ac	0.07946666666666667	0.8461538461538461	13	1616
pretrained	H3K27ac	0.07973333333333334	0.8461538461538461	13	1616
pretrained	H3K27ac	0.08	0.8461538461538461	13	1616
ours	H3K4me3	0.0	0.5182357930449534	1179	1179
ours	H3K4me3	0.00019999999999999998	0.5167724388032638	1103	1179
ours	H3K4me3	0.00039999999999999996	0.5251937984496124	1032	1179
ours	H3K4me3	0.0006	0.5207700101317123	987	1179
ours	H3K4me3	0.0007999999999999999	0.5206786850477201	943	1179
ours	H3K4me3	0.001	0.5194660734149055	899	1179
ours	H3K4me3	0.0012	0.5151869158878505	856	1179
ours	H3K4me3	0.0013999999999999998	0.5145631067961165	824	1179
ours	H3K4me3	0.0015999999999999999	0.5143212951432129	803	1179
ours	H3K4me3	0.0018	0.5146871008939975	783	1179
ours	H3K4me3	0.002	0.513262599469496	754	1179
ours	H3K4me3	0.0021999999999999997	0.5157750342935528	729	1179
ours	H3K4me3	0.0024	0.5183098591549296	710	1179
ours	H3K4me3	0.0026	0.5181950509461426	687	1179
ours	H3K4me3	0.0027999999999999995	0.5198170731707317	656	1179
ours	H3K4me3	0.0029999999999999996	0.5165354330708661	635	1179
ours	H3K4me3	0.0031999999999999997	0.5186385737439222	617	1179
ours	H3K4me3	0.0034	0.5234113712374582	598	1179
ours	H3K4me3	0.0036	0.5258620689655172	580	1179
ours	H3K4me3	0.0037999999999999996	0.5230496453900709	564	1179
ours	H3K4me3	0.004	0.5256410256410257	546	1179
ours	H3K4me3	0.0042	0.5245283018867924	530	1179
ours	H3K4me3	0.004399999999999999	0.5242718446601942	515	1179
ours	H3K4me3	0.0046	0.5288270377733598	503	1179
ours	H3K4me3	0.0048	0.5263157894736842	494	1179
ours	H3K4me3	0.004999999999999999	0.519916142557652	477	1179
ours	H3K4me3	0.0052	0.5224839400428265	467	1179
ours	H3K4me3	0.005399999999999999	0.5274725274725275	455	1179
ours	H3K4me3	0.005599999999999999	0.5325842696629214	445	1179
ours	H3K4me3	0.0058	0.5331807780320366	437	1179
ours	H3K4me3	0.005999999999999999	0.5325581395348837	430	1179
ours	H3K4me3	0.0062	0.5366430260047281	423	1179
ours	H3K4me3	0.0063999999999999994	0.5423728813559322	413	1179
ours	H3K4me3	0.006599999999999999	0.5447761194029851	402	1179
ours	H3K4me3	0.0068	0.5456852791878173	394	1179
ours	H3K4me3	0.006999999999999999	0.5428571428571428	385	1179
ours	H3K4me3	0.0072	0.5461741424802111	379	1179
ours	H3K4me3	0.0073999999999999995	0.5508021390374331	374	1179
ours	H3K4me3	0.007599999999999999	0.5491803278688525	366	1179
ours	H3K4me3	0.0078	0.5494505494505495	364	1179
ours	H3K4me3	0.008	0.5518207282913166	357	1179
ours	H3K4me3	0.008199999999999999	0.5501432664756447	349	1179
ours	H3K4me3	0.0084	0.5523255813953488	344	1179
ours	H3K4me3	0.0086	0.5621301775147929	338	1179
ours	H3K4me3	0.008799999999999999	0.5606060606060606	330	1179
ours	H3K4me3	0.009	0.5634674922600619	323	1179
ours	H3K4me3	0.0092	0.559375	320	1179
ours	H3K4me3	0.009399999999999999	0.5615141955835962	317	1179
ours	H3K4me3	0.0096	0.5587301587301587	315	1179
ours	H3K4me3	0.0098	0.5559105431309904	313	1179
ours	H3K4me3	0.009999999999999998	0.5555555555555556	306	1179
ours	H3K4me3	0.010199999999999999	0.56	300	1179
ours	H3K4me3	0.0104	0.5661016949152542	295	1179
ours	H3K4me3	0.010599999999999998	0.5640138408304498	289	1179
ours	H3K4me3	0.010799999999999999	0.5669014084507042	284	1179
ours	H3K4me3	0.011	0.5677655677655677	273	1179
ours	H3K4me3	0.011199999999999998	0.5655430711610487	267	1179
ours	H3K4me3	0.011399999999999999	0.5681818181818182	264	1179
ours	H3K4me3	0.0116	0.578125	256	1179
ours	H3K4me3	0.0118	0.578125	256	1179
ours	H3K4me3	0.011999999999999999	0.5770750988142292	253	1179
ours	H3K4me3	0.012199999999999999	0.5725806451612904	248	1179
ours	H3K4me3	0.0124	0.5708502024291497	247	1179
ours	H3K4me3	0.012599999999999998	0.5720164609053497	243	1179
ours	H3K4me3	0.012799999999999999	0.5672268907563025	238	1179
ours	H3K4me3	0.013	0.5708154506437768	233	1179
ours	H3K4me3	0.013199999999999998	0.5714285714285714	231	1179
ours	H3K4me3	0.013399999999999999	0.5770925110132159	227	1179
ours	H3K4me3	0.0136	0.5752212389380531	226	1179
ours	H3K4me3	0.013799999999999998	0.5758928571428571	224	1179
ours	H3K4me3	0.013999999999999999	0.581081081081081	222	1179
ours	H3K4me3	0.014199999999999999	0.5863636363636363	220	1179
ours	H3K4me3	0.0144	0.591743119266055	218	1179
ours	H3K4me3	0.014599999999999998	0.591743119266055	218	1179
ours	H3K4me3	0.014799999999999999	0.5887850467289719	214	1179
ours	H3K4me3	0.015	0.5904761904761905	210	1179
ours	H3K4me3	0.015199999999999998	0.5911330049261084	203	1179
ours	H3K4me3	0.015399999999999999	0.601010101010101	198	1179
ours	H3K4me3	0.0156	0.6030927835051546	194	1179
ours	H3K4me3	0.015799999999999998	0.5989583333333334	192	1179
ours	H3K4me3	0.016	0.6084656084656085	189	1179
ours	H3K4me3	0.0162	0.6042780748663101	187	1179
ours	H3K4me3	0.016399999999999998	0.6032608695652174	184	1179
ours	H3K4me3	0.0166	0.6010928961748634	183	1179
ours	H3K4me3	0.0168	0.5989010989010989	182	1179
ours	H3K4me3	0.016999999999999998	0.5944444444444444	180	1179
ours	H3K4me3	0.0172	0.5965909090909091	176	1179
ours	H3K4me3	0.0174	0.5930232558139535	172	1179
ours	H3K4me3	0.017599999999999998	0.5906432748538012	171	1179
ours	H3K4me3	0.0178	0.5833333333333334	168	1179
ours	H3K4me3	0.018	0.5808383233532934	167	1179
ours	H3K4me3	0.018199999999999997	0.5792682926829268	164	1179
ours	H3K4me3	0.0184	0.5766871165644172	163	1179
ours	H3K4me3	0.0186	0.5740740740740741	162	1179
ours	H3K4me3	0.018799999999999997	0.56875	160	1179
ours	H3K4me3	0.019	0.5806451612903226	155	1179
ours	H3K4me3	0.0192	0.5827814569536424	151	1179
ours	H3K4me3	0.019399999999999997	0.58	150	1179
ours	H3K4me3	0.0196	0.5838926174496645	149	1179
ours	H3K4me3	0.019799999999999998	0.581081081081081	148	1179
ours	H3K4me3	0.019999999999999997	0.5782312925170068	147	1179
ours	H3K4me3	0.0202	0.5821917808219178	146	1179
ours	H3K4me3	0.020399999999999998	0.5763888888888888	144	1179
ours	H3K4me3	0.020599999999999997	0.5785714285714286	140	1179
ours	H3K4me3	0.0208	0.5785714285714286	140	1179
ours	H3K4me3	0.020999999999999998	0.5827338129496403	139	1179
ours	H3K4me3	0.021199999999999997	0.5869565217391305	138	1179
ours	H3K4me3	0.0214	0.583941605839416	137	1179
ours	H3K4me3	0.021599999999999998	0.5808823529411765	136	1179
ours	H3K4me3	0.021799999999999996	0.582089552238806	134	1179
ours	H3K4me3	0.022	0.5864661654135338	133	1179
ours	H3K4me3	0.022199999999999998	0.5833333333333334	132	1179
ours	H3K4me3	0.022399999999999996	0.5748031496062992	127	1179
ours	H3K4me3	0.0226	0.5714285714285714	126	1179
ours	H3K4me3	0.022799999999999997	0.5691056910569106	123	1179
ours	H3K4me3	0.023	0.5619834710743802	121	1179
ours	H3K4me3	0.0232	0.5666666666666667	120	1179
ours	H3K4me3	0.023399999999999997	0.5714285714285714	119	1179
ours	H3K4me3	0.0236	0.5714285714285714	119	1179
ours	H3K4me3	0.023799999999999998	0.5714285714285714	119	1179
ours	H3K4me3	0.023999999999999997	0.576271186440678	118	1179
ours	H3K4me3	0.0242	0.5862068965517241	116	1179
ours	H3K4me3	0.024399999999999998	0.5789473684210527	114	1179
ours	H3K4me3	0.024599999999999997	0.5855855855855856	111	1179
ours	H3K4me3	0.0248	0.5855855855855856	111	1179
ours	H3K4me3	0.024999999999999998	0.5909090909090909	110	1179
ours	H3K4me3	0.025199999999999997	0.5887850467289719	107	1179
ours	H3K4me3	0.0254	0.6057692307692307	104	1179
ours	H3K4me3	0.025599999999999998	0.6057692307692307	104	1179
ours	H3K4me3	0.025799999999999997	0.6116504854368932	103	1179
ours	H3K4me3	0.026	0.6078431372549019	102	1179
ours	H3K4me3	0.026199999999999998	0.61	100	1179
ours	H3K4me3	0.026399999999999996	0.6060606060606061	99	1179
ours	H3K4me3	0.0266	0.6082474226804123	97	1179
ours	H3K4me3	0.026799999999999997	0.6082474226804123	97	1179
ours	H3K4me3	0.026999999999999996	0.6041666666666666	96	1179
ours	H3K4me3	0.0272	0.5957446808510638	94	1179
ours	H3K4me3	0.027399999999999997	0.6086956521739131	92	1179
ours	H3K4me3	0.027599999999999996	0.6222222222222222	90	1179
ours	H3K4me3	0.0278	0.6222222222222222	90	1179
ours	H3K4me3	0.027999999999999997	0.6222222222222222	90	1179
ours	H3K4me3	0.028199999999999996	0.6363636363636364	88	1179
ours	H3K4me3	0.028399999999999998	0.632183908045977	87	1179
ours	H3K4me3	0.028599999999999997	0.632183908045977	87	1179
ours	H3K4me3	0.0288	0.632183908045977	87	1179
ours	H3K4me3	0.028999999999999998	0.627906976744186	86	1179
ours	H3K4me3	0.029199999999999997	0.6352941176470588	85	1179
ours	H3K4me3	0.0294	0.6506024096385542	83	1179
ours	H3K4me3	0.029599999999999998	0.6463414634146342	82	1179
ours	H3K4me3	0.029799999999999997	0.6419753086419753	81	1179
ours	H3K4me3	0.03	0.6419753086419753	81	1179
ours	H3K4me3	0.030199999999999998	0.6419753086419753	81	1179
ours	H3K4me3	0.030399999999999996	0.6419753086419753	81	1179
ours	H3K4me3	0.0306	0.6282051282051282	78	1179
ours	H3K4me3	0.030799999999999998	0.6363636363636364	77	1179
ours	H3K4me3	0.030999999999999996	0.6363636363636364	77	1179
ours	H3K4me3	0.0312	0.6363636363636364	77	1179
ours	H3K4me3	0.0314	0.6447368421052632	76	1179
ours	H3K4me3	0.031599999999999996	0.6447368421052632	76	1179
ours	H3K4me3	0.031799999999999995	0.6486486486486487	74	1179
ours	H3K4me3	0.032	0.6486486486486487	74	1179
ours	H3K4me3	0.0322	0.6388888888888888	72	1179
ours	H3K4me3	0.0324	0.6338028169014085	71	1179
ours	H3K4me3	0.0326	0.6285714285714286	70	1179
ours	H3K4me3	0.032799999999999996	0.6285714285714286	70	1179
ours	H3K4me3	0.032999999999999995	0.6376811594202898	69	1179
ours	H3K4me3	0.0332	0.6323529411764706	68	1179
ours	H3K4me3	0.0334	0.6212121212121212	66	1179
ours	H3K4me3	0.0336	0.6307692307692307	65	1179
ours	H3K4me3	0.0338	0.6307692307692307	65	1179
ours	H3K4me3	0.033999999999999996	0.6190476190476191	63	1179
ours	H3K4me3	0.034199999999999994	0.6190476190476191	63	1179
ours	H3K4me3	0.0344	0.6190476190476191	63	1179
ours	H3K4me3	0.0346	0.6190476190476191	63	1179
ours	H3K4me3	0.0348	0.6129032258064516	62	1179
ours	H3K4me3	0.034999999999999996	0.6129032258064516	62	1179
ours	H3K4me3	0.035199999999999995	0.6129032258064516	62	1179
ours	H3K4me3	0.035399999999999994	0.6229508196721312	61	1179
ours	H3K4me3	0.0356	0.6271186440677966	59	1179
ours	H3K4me3	0.0358	0.631578947368421	57	1179
ours	H3K4me3	0.036	0.631578947368421	57	1179
ours	H3K4me3	0.036199999999999996	0.6428571428571429	56	1179
ours	H3K4me3	0.036399999999999995	0.6481481481481481	54	1179
ours	H3K4me3	0.036599999999999994	0.6481481481481481	54	1179
ours	H3K4me3	0.0368	0.6481481481481481	54	1179
ours	H3K4me3	0.037	0.6481481481481481	54	1179
ours	H3K4me3	0.0372	0.6481481481481481	54	1179
ours	H3K4me3	0.037399999999999996	0.6481481481481481	54	1179
ours	H3K4me3	0.037599999999999995	0.6481481481481481	54	1179
ours	H3K4me3	0.03779999999999999	0.660377358490566	53	1179
ours	H3K4me3	0.038	0.660377358490566	53	1179
ours	H3K4me3	0.0382	0.660377358490566	53	1179
ours	H3K4me3	0.0384	0.660377358490566	53	1179
ours	H3K4me3	0.038599999999999995	0.660377358490566	53	1179
ours	H3K4me3	0.038799999999999994	0.6730769230769231	52	1179
ours	H3K4me3	0.039	0.6862745098039216	51	1179
ours	H3K4me3	0.0392	0.6862745098039216	51	1179
ours	H3K4me3	0.0394	0.6862745098039216	51	1179
ours	H3K4me3	0.039599999999999996	0.6862745098039216	51	1179
ours	H3K4me3	0.039799999999999995	0.6862745098039216	51	1179
ours	H3K4me3	0.039999999999999994	0.68	50	1179
ours	H3K4me3	0.0402	0.68	50	1179
ours	H3K4me3	0.0404	0.68	50	1179
ours	H3K4me3	0.0406	0.68	50	1179
ours	H3K4me3	0.040799999999999996	0.673469387755102	49	1179
ours	H3K4me3	0.040999999999999995	0.673469387755102	49	1179
ours	H3K4me3	0.041199999999999994	0.673469387755102	49	1179
ours	H3K4me3	0.0414	0.673469387755102	49	1179
ours	H3K4me3	0.0416	0.6666666666666666	48	1179
ours	H3K4me3	0.0418	0.6666666666666666	48	1179
ours	H3K4me3	0.041999999999999996	0.6666666666666666	48	1179
ours	H3K4me3	0.042199999999999994	0.6666666666666666	48	1179
ours	H3K4me3	0.04239999999999999	0.6666666666666666	48	1179
ours	H3K4me3	0.0426	0.6595744680851063	47	1179
ours	H3K4me3	0.0428	0.6595744680851063	47	1179
ours	H3K4me3	0.043	0.6521739130434783	46	1179
ours	H3K4me3	0.043199999999999995	0.6521739130434783	46	1179
ours	H3K4me3	0.043399999999999994	0.6521739130434783	46	1179
ours	H3K4me3	0.04359999999999999	0.6521739130434783	46	1179
ours	H3K4me3	0.0438	0.6666666666666666	45	1179
ours	H3K4me3	0.044	0.6666666666666666	45	1179
ours	H3K4me3	0.044199999999999996	0.6590909090909091	44	1179
ours	H3K4me3	0.044399999999999995	0.6590909090909091	44	1179
ours	H3K4me3	0.044599999999999994	0.6590909090909091	44	1179
ours	H3K4me3	0.04479999999999999	0.6590909090909091	44	1179
ours	H3K4me3	0.045	0.6590909090909091	44	1179
ours	H3K4me3	0.0452	0.6744186046511628	43	1179
ours	H3K4me3	0.045399999999999996	0.6744186046511628	43	1179
ours	H3K4me3	0.045599999999999995	0.6744186046511628	43	1179
ours	H3K4me3	0.045799999999999993	0.6904761904761905	42	1179
ours	H3K4me3	0.046	0.6904761904761905	42	1179
ours	H3K4me3	0.0462	0.6904761904761905	42	1179
ours	H3K4me3	0.0464	0.6904761904761905	42	1179
ours	H3K4me3	0.046599999999999996	0.7073170731707317	41	1179
ours	H3K4me3	0.046799999999999994	0.7368421052631579	38	1179
ours	H3K4me3	0.04699999999999999	0.7297297297297297	37	1179
ours	H3K4me3	0.0472	0.7297297297297297	37	1179
ours	H3K4me3	0.0474	0.75	36	1179
ours	H3K4me3	0.047599999999999996	0.7941176470588235	34	1179
ours	H3K4me3	0.047799999999999995	0.7941176470588235	34	1179
ours	H3K4me3	0.047999999999999994	0.7941176470588235	34	1179
ours	H3K4me3	0.04819999999999999	0.7941176470588235	34	1179
ours	H3K4me3	0.0484	0.7941176470588235	34	1179
ours	H3K4me3	0.0486	0.7941176470588235	34	1179
ours	H3K4me3	0.048799999999999996	0.7941176470588235	34	1179
ours	H3K4me3	0.048999999999999995	0.7878787878787878	33	1179
ours	H3K4me3	0.049199999999999994	0.78125	32	1179
ours	H3K4me3	0.04939999999999999	0.78125	32	1179
ours	H3K4me3	0.0496	0.78125	32	1179
ours	H3K4me3	0.0498	0.78125	32	1179
ours	H3K4me3	0.049999999999999996	0.7741935483870968	31	1179
ours	H3K4me3	0.050199999999999995	0.7741935483870968	31	1179
ours	H3K4me3	0.05039999999999999	0.7741935483870968	31	1179
ours	H3K4me3	0.05059999999999999	0.8	30	1179
ours	H3K4me3	0.0508	0.8	30	1179
ours	H3K4me3	0.051	0.7931034482758621	29	1179
ours	H3K4me3	0.051199999999999996	0.7931034482758621	29	1179
ours	H3K4me3	0.051399999999999994	0.7931034482758621	29	1179
ours	H3K4me3	0.05159999999999999	0.7857142857142857	28	1179
ours	H3K4me3	0.0518	0.7857142857142857	28	1179
ours	H3K4me3	0.052	0.7692307692307693	26	1179
ours	H3K4me3	0.052199999999999996	0.7692307692307693	26	1179
ours	H3K4me3	0.052399999999999995	0.7692307692307693	26	1179
ours	H3K4me3	0.052599999999999994	0.7692307692307693	26	1179
ours	H3K4me3	0.05279999999999999	0.7692307692307693	26	1179
ours	H3K4me3	0.053	0.7692307692307693	26	1179
ours	H3K4me3	0.0532	0.76	25	1179
ours	H3K4me3	0.053399999999999996	0.76	25	1179
ours	H3K4me3	0.053599999999999995	0.76	25	1179
ours	H3K4me3	0.053799999999999994	0.75	24	1179
ours	H3K4me3	0.05399999999999999	0.75	24	1179
ours	H3K4me3	0.0542	0.7272727272727273	22	1179
ours	H3K4me3	0.0544	0.7272727272727273	22	1179
ours	H3K4me3	0.054599999999999996	0.7142857142857143	21	1179
ours	H3K4me3	0.054799999999999995	0.7142857142857143	21	1179
ours	H3K4me3	0.05499999999999999	0.75	20	1179
ours	H3K4me3	0.05519999999999999	0.75	20	1179
ours	H3K4me3	0.0554	0.75	20	1179
ours	H3K4me3	0.0556	0.75	20	1179
ours	H3K4me3	0.055799999999999995	0.75	20	1179
ours	H3K4me3	0.055999999999999994	0.7894736842105263	19	1179
ours	H3K4me3	0.05619999999999999	0.7647058823529411	17	1179
ours	H3K4me3	0.05639999999999999	0.75	16	1179
ours	H3K4me3	0.0566	0.75	16	1179
ours	H3K4me3	0.056799999999999996	0.75	16	1179
ours	H3K4me3	0.056999999999999995	0.75	16	1179
ours	H3K4me3	0.057199999999999994	0.75	16	1179
ours	H3K4me3	0.05739999999999999	0.75	16	1179
ours	H3K4me3	0.0576	0.75	16	1179
ours	H3K4me3	0.0578	0.75	16	1179
ours	H3K4me3	0.057999999999999996	0.75	16	1179
ours	H3K4me3	0.058199999999999995	0.75	16	1179
ours	H3K4me3	0.058399999999999994	0.75	16	1179
ours	H3K4me3	0.05859999999999999	0.7333333333333333	15	1179
ours	H3K4me3	0.0588	0.7333333333333333	15	1179
ours	H3K4me3	0.059	0.7333333333333333	15	1179
ours	H3K4me3	0.059199999999999996	0.7333333333333333	15	1179
ours	H3K4me3	0.059399999999999994	0.7333333333333333	15	1179
ours	H3K4me3	0.05959999999999999	0.7333333333333333	15	1179
ours	H3K4me3	0.05979999999999999	0.7333333333333333	15	1179
ours	H3K4me3	0.06	0.7333333333333333	15	1179
ours	H3K27ac	0.0	0.5433168316831684	1616	1616
ours	H3K27ac	0.0002666666666666667	0.5449838187702265	1545	1616
ours	H3K27ac	0.0005333333333333334	0.5425101214574899	1482	1616
ours	H3K27ac	0.0008	0.5426356589147286	1419	1616
ours	H3K27ac	0.0010666666666666667	0.5435745937961596	1354	1616
ours	H3K27ac	0.0013333333333333335	0.5429899302865996	1291	1616
ours	H3K27ac	0.0016	0.5453795379537953	1212	1616
ours	H3K27ac	0.0018666666666666666	0.5469422911283376	1161	1616
ours	H3K27ac	0.0021333333333333334	0.5478339350180506	1108	1616
ours	H3K27ac	0.0024000000000000002	0.5448536355051936	1059	1616
ours	H3K27ac	0.002666666666666667	0.5448275862068965	1015	1616
ours	H3K27ac	0.0029333333333333334	0.5457348406988695	973	1616
ours	H3K27ac	0.0032	0.5480769230769231	936	1616
ours	H3K27ac	0.003466666666666667	0.5456595264937993	887	1616
ours	H3K27ac	0.0037333333333333333	0.544924154025671	857	1616
ours	H3K27ac	0.004	0.5497572815533981	824	1616
ours	H3K27ac	0.004266666666666667	0.5484276729559748	795	1616
ours	H3K27ac	0.004533333333333334	0.5501319261213721	758	1616
ours	H3K27ac	0.0048000000000000004	0.5482993197278911	735	1616
ours	H3K27ac	0.005066666666666667	0.5517730496453901	705	1616
ours	H3K27ac	0.005333333333333334	0.5572065378900446	673	1616
ours	H3K27ac	0.0056	0.558599695585997	657	1616
ours	H3K27ac	0.005866666666666667	0.5543307086614173	635	1616
ours	H3K27ac	0.0061333333333333335	0.5517241379310345	609	1616
ours	H3K27ac	0.0064	0.555366269165247	587	1616
ours	H3K27ac	0.006666666666666667	0.5543672014260249	561	1616
ours	H3K27ac	0.006933333333333334	0.5514705882352942	544	1616
ours	H3K27ac	0.007200000000000001	0.5574712643678161	522	1616
ours	H3K27ac	0.007466666666666667	0.562874251497006	501	1616
ours	H3K27ac	0.007733333333333333	0.5576131687242798	486	1616
ours	H3K27ac	0.008	0.5621052631578948	475	1616
ours	H3K27ac	0.008266666666666667	0.5603448275862069	464	1616
ours	H3K27ac	0.008533333333333334	0.5622222222222222	450	1616
ours	H3K27ac	0.0088	0.5658198614318707	433	1616
ours	H3K27ac	0.009066666666666667	0.5714285714285714	420	1616
ours	H3K27ac	0.009333333333333334	0.5693430656934306	411	1616
ours	H3K27ac	0.009600000000000001	0.5772151898734177	395	1616
ours	H3K27ac	0.009866666666666668	0.5721784776902887	381	1616
ours	H3K27ac	0.010133333333333334	0.5768194070080862	371	1616
ours	H3K27ac	0.010400000000000001	0.5828729281767956	362	1616
ours	H3K27ac	0.010666666666666668	0.5880681818181818	352	1616
ours	H3K27ac	0.010933333333333333	0.591304347826087	345	1616
ours	H3K27ac	0.0112	0.5915915915915916	333	1616
ours	H3K27ac	0.011466666666666667	0.6018518518518519	324	1616
ours	H3K27ac	0.011733333333333333	0.6084142394822006	309	1616
ours	H3K27ac	0.012	0.6151315789473685	304	1616
ours	H3K27ac	0.012266666666666667	0.6075085324232082	293	1616
ours	H3K27ac	0.012533333333333334	0.6219081272084805	283	1616
ours	H3K27ac	0.0128	0.6254545454545455	275	1616
ours	H3K27ac	0.013066666666666667	0.6282527881040892	269	1616
ours	H3K27ac	0.013333333333333334	0.6278195488721805	266	1616
ours	H3K27ac	0.013600000000000001	0.637065637065637	259	1616
ours	H3K27ac	0.013866666666666668	0.63671875	256	1616
ours	H3K27ac	0.014133333333333335	0.64	250	1616
ours	H3K27ac	0.014400000000000001	0.6363636363636364	242	1616
ours	H3K27ac	0.014666666666666668	0.6425531914893617	235	1616
ours	H3K27ac	0.014933333333333333	0.6422413793103449	232	1616
ours	H3K27ac	0.0152	0.6431718061674009	227	1616
ours	H3K27ac	0.015466666666666667	0.6454545454545455	220	1616
ours	H3K27ac	0.015733333333333335	0.6481481481481481	216	1616
ours	H3K27ac	0.016	0.647887323943662	213	1616
ours	H3K27ac	0.01626666666666667	0.6555023923444976	209	1616
ours	H3K27ac	0.016533333333333334	0.6553398058252428	206	1616
ours	H3K27ac	0.016800000000000002	0.6616161616161617	198	1616
ours	H3K27ac	0.017066666666666667	0.6598984771573604	197	1616
ours	H3K27ac	0.017333333333333333	0.6597938144329897	194	1616
ours	H3K27ac	0.0176	0.65625	192	1616
ours	H3K27ac	0.017866666666666666	0.654054054054054	185	1616
ours	H3K27ac	0.018133333333333335	0.6502732240437158	183	1616
ours	H3K27ac	0.0184	0.651685393258427	178	1616
ours	H3K27ac	0.018666666666666668	0.6416184971098265	173	1616
ours	H3K27ac	0.018933333333333333	0.6374269005847953	171	1616
ours	H3K27ac	0.019200000000000002	0.6347305389221557	167	1616
ours	H3K27ac	0.019466666666666667	0.6325301204819277	166	1616
ours	H3K27ac	0.019733333333333335	0.6280487804878049	164	1616
ours	H3K27ac	0.02	0.6296296296296297	162	1616
ours	H3K27ac	0.02026666666666667	0.6273291925465838	161	1616
ours	H3K27ac	0.020533333333333334	0.632258064516129	155	1616
ours	H3K27ac	0.020800000000000003	0.6357615894039735	151	1616
ours	H3K27ac	0.021066666666666668	0.6413793103448275	145	1616
ours	H3K27ac	0.021333333333333336	0.6382978723404256	141	1616
ours	H3K27ac	0.0216	0.6423357664233577	137	1616
ours	H3K27ac	0.021866666666666666	0.6444444444444445	135	1616
ours	H3K27ac	0.022133333333333335	0.6564885496183206	131	1616
ours	H3K27ac	0.0224	0.671875	128	1616
ours	H3K27ac	0.02266666666666667	0.6776859504132231	121	1616
ours	H3K27ac	0.022933333333333333	0.6896551724137931	116	1616
ours	H3K27ac	0.023200000000000002	0.6869565217391305	115	1616
ours	H3K27ac	0.023466666666666667	0.7	110	1616
ours	H3K27ac	0.023733333333333335	0.7	110	1616
ours	H3K27ac	0.024	0.7	110	1616
ours	H3K27ac	0.02426666666666667	0.7064220183486238	109	1616
ours	H3K27ac	0.024533333333333334	0.7129629629629629	108	1616
ours	H3K27ac	0.024800000000000003	0.7102803738317757	107	1616
ours	H3K27ac	0.025066666666666668	0.7169811320754716	106	1616
ours	H3K27ac	0.025333333333333336	0.7142857142857143	105	1616
ours	H3K27ac	0.0256	0.7087378640776699	103	1616
ours	H3K27ac	0.025866666666666666	0.7087378640776699	103	1616
ours	H3K27ac	0.026133333333333335	0.7058823529411765	102	1616
ours	H3K27ac	0.0264	0.7029702970297029	101	1616
ours	H3K27ac	0.02666666666666667	0.696969696969697	99	1616
ours	H3K27ac	0.026933333333333333	0.6907216494845361	97	1616
ours	H3K27ac	0.027200000000000002	0.6907216494845361	97	1616
ours	H3K27ac	0.027466666666666667	0.6907216494845361	97	1616
ours	H3K27ac	0.027733333333333336	0.6907216494845361	97	1616
ours	H3K27ac	0.028	0.6989247311827957	93	1616
ours	H3K27ac	0.02826666666666667	0.6956521739130435	92	1616
ours	H3K27ac	0.028533333333333334	0.6853932584269663	89	1616
ours	H3K27ac	0.028800000000000003	0.6853932584269663	89	1616
ours	H3K27ac	0.029066666666666668	0.6853932584269663	89	1616
ours	H3K27ac	0.029333333333333336	0.6931818181818182	88	1616
ours	H3K27ac	0.0296	0.6896551724137931	87	1616
ours	H3K27ac	0.029866666666666666	0.6941176470588235	85	1616
ours	H3K27ac	0.030133333333333335	0.6941176470588235	85	1616
ours	H3K27ac	0.0304	0.6904761904761905	84	1616
ours	H3K27ac	0.03066666666666667	0.6904761904761905	84	1616
ours	H3K27ac	0.030933333333333334	0.6867469879518072	83	1616
ours	H3K27ac	0.031200000000000002	0.6867469879518072	83	1616
ours	H3K27ac	0.03146666666666667	0.6790123456790124	81	1616
ours	H3K27ac	0.031733333333333336	0.6790123456790124	81	1616
ours	H3K27ac	0.032	0.675	80	1616
ours	H3K27ac	0.032266666666666666	0.6708860759493671	79	1616
ours	H3K27ac	0.03253333333333334	0.6708860759493671	79	1616
ours	H3K27ac	0.0328	0.6794871794871795	78	1616
ours	H3K27ac	0.03306666666666667	0.6794871794871795	78	1616
ours	H3K27ac	0.03333333333333333	0.6753246753246753	77	1616
ours	H3K27ac	0.033600000000000005	0.6842105263157895	76	1616
ours	H3K27ac	0.03386666666666667	0.6842105263157895	76	1616
ours	H3K27ac	0.034133333333333335	0.68	75	1616
ours	H3K27ac	0.0344	0.6756756756756757	74	1616
ours	H3K27ac	0.034666666666666665	0.684931506849315	73	1616
ours	H3K27ac	0.03493333333333334	0.6805555555555556	72	1616
ours	H3K27ac	0.0352	0.6901408450704225	71	1616
ours	H3K27ac	0.03546666666666667	0.6901408450704225	71	1616
ours	H3K27ac	0.03573333333333333	0.6956521739130435	69	1616
ours	H3K27ac	0.036000000000000004	0.6956521739130435	69	1616
ours	H3K27ac	0.03626666666666667	0.6956521739130435	69	1616
ours	H3K27ac	0.036533333333333334	0.6911764705882353	68	1616
ours	H3K27ac	0.0368	0.7121212121212122	66	1616
ours	H3K27ac	0.03706666666666667	0.7121212121212122	66	1616
ours	H3K27ac	0.037333333333333336	0.7121212121212122	66	1616
ours	H3K27ac	0.0376	0.7121212121212122	66	1616
ours	H3K27ac	0.037866666666666667	0.7121212121212122	66	1616
ours	H3K27ac	0.03813333333333334	0.7121212121212122	66	1616
ours	H3K27ac	0.038400000000000004	0.7076923076923077	65	1616
ours	H3K27ac	0.03866666666666667	0.7076923076923077	65	1616
ours	H3K27ac	0.038933333333333334	0.703125	64	1616
ours	H3K27ac	0.0392	0.6984126984126984	63	1616
ours	H3K27ac	0.03946666666666667	0.6935483870967742	62	1616
ours	H3K27ac	0.039733333333333336	0.7049180327868853	61	1616
ours	H3K27ac	0.04	0.7049180327868853	61	1616
ours	H3K27ac	0.040266666666666666	0.7049180327868853	61	1616
ours	H3K27ac	0.04053333333333334	0.7	60	1616
ours	H3K27ac	0.0408	0.7	60	1616
ours	H3K27ac	0.04106666666666667	0.6949152542372882	59	1616
ours	H3K27ac	0.04133333333333333	0.7068965517241379	58	1616
ours	H3K27ac	0.041600000000000005	0.7068965517241379	58	1616
ours	H3K27ac	0.04186666666666667	0.7017543859649122	57	1616
ours	H3K27ac	0.042133333333333335	0.7017543859649122	57	1616
ours	H3K27ac	0.0424	0.7272727272727273	55	1616
ours	H3K27ac	0.04266666666666667	0.7407407407407407	54	1616
ours	H3K27ac	0.04293333333333334	0.7407407407407407	54	1616
ours	H3K27ac	0.0432	0.7547169811320755	53	1616
ours	H3K27ac	0.04346666666666667	0.7547169811320755	53	1616
ours	H3K27ac	0.04373333333333333	0.7547169811320755	53	1616
ours	H3K27ac	0.044000000000000004	0.7547169811320755	53	1616
ours	H3K27ac	0.04426666666666667	0.7692307692307693	52	1616
ours	H3K27ac	0.044533333333333334	0.7647058823529411	51	1616
ours	H3K27ac	0.0448	0.7647058823529411	51	1616
ours	H3K27ac	0.04506666666666667	0.76	50	1616
ours	H3K27ac	0.04533333333333334	0.76	50	1616
ours	H3K27ac	0.0456	0.76	50	1616
ours	H3K27ac	0.04586666666666667	0.76	50	1616
ours	H3K27ac	0.04613333333333334	0.7551020408163265	49	1616
ours	H3K27ac	0.046400000000000004	0.7708333333333334	48	1616
ours	H3K27ac	0.04666666666666667	0.7708333333333334	48	1616
ours	H3K27ac	0.046933333333333334	0.7708333333333334	48	1616
ours	H3K27ac	0.0472	0.7708333333333334	48	1616
ours	H3K27ac	0.04746666666666667	0.7708333333333334	48	1616
ours	H3K27ac	0.047733333333333336	0.7872340425531915	47	1616
ours	H3K27ac	0.048	0.7872340425531915	47	1616
ours	H3K27ac	0.048266666666666666	0.7872340425531915	47	1616
ours	H3K27ac	0.04853333333333334	0.8043478260869565	46	1616
ours	H3K27ac	0.0488	0.8	45	1616
ours	H3K27ac	0.04906666666666667	0.8	45	1616
ours	H3K27ac	0.04933333333333333	0.7906976744186046	43	1616
ours	H3K27ac	0.049600000000000005	0.7906976744186046	43	1616
ours	H3K27ac	0.04986666666666667	0.7906976744186046	43	1616
ours	H3K27ac	0.050133333333333335	0.7906976744186046	43	1616
ours	H3K27ac	0.0504	0.7906976744186046	43	1616
ours	H3K27ac	0.05066666666666667	0.7906976744186046	43	1616
ours	H3K27ac	0.05093333333333334	0.7906976744186046	43	1616
ours	H3K27ac	0.0512	0.7906976744186046	43	1616
ours	H3K27ac	0.05146666666666667	0.7857142857142857	42	1616
ours	H3K27ac	0.05173333333333333	0.7857142857142857	42	1616
ours	H3K27ac	0.052000000000000005	0.7857142857142857	42	1616
ours	H3K27ac	0.05226666666666667	0.7857142857142857	42	1616
ours	H3K27ac	0.052533333333333335	0.7857142857142857	42	1616
ours	H3K27ac	0.0528	0.7857142857142857	42	1616
ours	H3K27ac	0.05306666666666667	0.775	40	1616
ours	H3K27ac	0.05333333333333334	0.775	40	1616
ours	H3K27ac	0.0536	0.775	40	1616
ours	H3K27ac	0.05386666666666667	0.775	40	1616
ours	H3K27ac	0.05413333333333334	0.775	40	1616
ours	H3K27ac	0.054400000000000004	0.775	40	1616
ours	H3K27ac	0.05466666666666667	0.775	40	1616
ours	H3K27ac	0.054933333333333334	0.7631578947368421	38	1616
ours	H3K27ac	0.055200000000000006	0.7631578947368421	38	1616
ours	H3K27ac	0.05546666666666667	0.7631578947368421	38	1616
ours	H3K27ac	0.055733333333333336	0.7837837837837838	37	1616
ours	H3K27ac	0.056	0.7837837837837838	37	1616
ours	H3K27ac	0.056266666666666666	0.8055555555555556	36	1616
ours	H3K27ac	0.05653333333333334	0.8	35	1616
ours	H3K27ac	0.0568	0.8	35	1616
ours	H3K27ac	0.05706666666666667	0.8	35	1616
ours	H3K27ac	0.05733333333333333	0.8	35	1616
ours	H3K27ac	0.057600000000000005	0.8	35	1616
ours	H3K27ac	0.05786666666666667	0.7941176470588235	34	1616
ours	H3K27ac	0.058133333333333335	0.7941176470588235	34	1616
ours	H3K27ac	0.0584	0.7941176470588235	34	1616
ours	H3K27ac	0.05866666666666667	0.7941176470588235	34	1616
ours	H3K27ac	0.05893333333333334	0.7941176470588235	34	1616
ours	H3K27ac	0.0592	0.7878787878787878	33	1616
ours	H3K27ac	0.05946666666666667	0.7878787878787878	33	1616
ours	H3K27ac	0.05973333333333333	0.7878787878787878	33	1616
ours	H3K27ac	0.060000000000000005	0.7878787878787878	33	1616
ours	H3K27ac	0.06026666666666667	0.7878787878787878	33	1616
ours	H3K27ac	0.060533333333333335	0.78125	32	1616
ours	H3K27ac	0.0608	0.78125	32	1616
ours	H3K27ac	0.06106666666666667	0.78125	32	1616
ours	H3K27ac	0.06133333333333334	0.78125	32	1616
ours	H3K27ac	0.0616	0.78125	32	1616
ours	H3K27ac	0.06186666666666667	0.78125	32	1616
ours	H3K27ac	0.06213333333333334	0.78125	32	1616
ours	H3K27ac	0.062400000000000004	0.78125	32	1616
ours	H3K27ac	0.06266666666666668	0.78125	32	1616
ours	H3K27ac	0.06293333333333334	0.78125	32	1616
ours	H3K27ac	0.0632	0.78125	32	1616
ours	H3K27ac	0.06346666666666667	0.78125	32	1616
ours	H3K27ac	0.06373333333333334	0.78125	32	1616
ours	H3K27ac	0.064	0.8064516129032258	31	1616
ours	H3K27ac	0.06426666666666667	0.8333333333333334	30	1616
ours	H3K27ac	0.06453333333333333	0.8333333333333334	30	1616
ours	H3K27ac	0.0648	0.8333333333333334	30	1616
ours	H3K27ac	0.06506666666666668	0.8275862068965517	29	1616
ours	H3K27ac	0.06533333333333334	0.8275862068965517	29	1616
ours	H3K27ac	0.0656	0.8275862068965517	29	1616
ours	H3K27ac	0.06586666666666667	0.8214285714285714	28	1616
ours	H3K27ac	0.06613333333333334	0.8214285714285714	28	1616
ours	H3K27ac	0.0664	0.8214285714285714	28	1616
ours	H3K27ac	0.06666666666666667	0.8214285714285714	28	1616
ours	H3K27ac	0.06693333333333333	0.8214285714285714	28	1616
ours	H3K27ac	0.06720000000000001	0.8148148148148148	27	1616
ours	H3K27ac	0.06746666666666667	0.8148148148148148	27	1616
ours	H3K27ac	0.06773333333333334	0.8148148148148148	27	1616
ours	H3K27ac	0.068	0.8148148148148148	27	1616
ours	H3K27ac	0.06826666666666667	0.8148148148148148	27	1616
ours	H3K27ac	0.06853333333333333	0.8461538461538461	26	1616
ours	H3K27ac	0.0688	0.8461538461538461	26	1616
ours	H3K27ac	0.06906666666666667	0.84	25	1616
ours	H3K27ac	0.06933333333333333	0.84	25	1616
ours	H3K27ac	0.06960000000000001	0.8333333333333334	24	1616
ours	H3K27ac	0.06986666666666667	0.8333333333333334	24	1616
ours	H3K27ac	0.07013333333333334	0.8333333333333334	24	1616
ours	H3K27ac	0.0704	0.8333333333333334	24	1616
ours	H3K27ac	0.07066666666666667	0.8333333333333334	24	1616
ours	H3K27ac	0.07093333333333333	0.8333333333333334	24	1616
ours	H3K27ac	0.0712	0.8333333333333334	24	1616
ours	H3K27ac	0.07146666666666666	0.8333333333333334	24	1616
ours	H3K27ac	0.07173333333333334	0.8333333333333334	24	1616
ours	H3K27ac	0.07200000000000001	0.8333333333333334	24	1616
ours	H3K27ac	0.07226666666666667	0.8333333333333334	24	1616
ours	H3K27ac	0.07253333333333334	0.8333333333333334	24	1616
ours	H3K27ac	0.0728	0.8333333333333334	24	1616
ours	H3K27ac	0.07306666666666667	0.8333333333333334	24	1616
ours	H3K27ac	0.07333333333333333	0.8333333333333334	24	1616
ours	H3K27ac	0.0736	0.8333333333333334	24	1616
ours	H3K27ac	0.07386666666666666	0.8333333333333334	24	1616
ours	H3K27ac	0.07413333333333334	0.8181818181818182	22	1616
ours	H3K27ac	0.07440000000000001	0.8181818181818182	22	1616
ours	H3K27ac	0.07466666666666667	0.8181818181818182	22	1616
ours	H3K27ac	0.07493333333333334	0.8181818181818182	22	1616
ours	H3K27ac	0.0752	0.8571428571428571	21	1616
ours	H3K27ac	0.07546666666666667	0.8571428571428571	21	1616
ours	H3K27ac	0.07573333333333333	0.8571428571428571	21	1616
ours	H3K27ac	0.076	0.8571428571428571	21	1616
ours	H3K27ac	0.07626666666666668	0.85	20	1616
ours	H3K27ac	0.07653333333333334	0.8421052631578947	19	1616
ours	H3K27ac	0.07680000000000001	0.8421052631578947	19	1616
ours	H3K27ac	0.07706666666666667	0.8421052631578947	19	1616
ours	H3K27ac	0.07733333333333334	0.8421052631578947	19	1616
ours	H3K27ac	0.0776	0.8421052631578947	19	1616
ours	H3K27ac	0.07786666666666667	0.8421052631578947	19	1616
ours	H3K27ac	0.07813333333333333	0.8421052631578947	19	1616
ours	H3K27ac	0.0784	0.8421052631578947	19	1616
ours	H3K27ac	0.07866666666666668	0.8421052631578947	19	1616
ours	H3K27ac	0.07893333333333334	0.8421052631578947	19	1616
ours	H3K27ac	0.0792	0.8421052631578947	19	1616
ours	H3K27ac	0.07946666666666667	0.8421052631578947	19	1616
ours	H3K27ac	0.07973333333333334	0.8421052631578947	19	1616
ours	H3K27ac	0.08	0.8421052631578947	19	1616
