file,GEO_series,mark,donor,source_url,expected_bytes,downloaded_bytes,size_match
GSM1164213_H3K4me3_18505_read_counts.txt.gz,GSE47991,H3K4me3,18505,https://ftp.ncbi.nlm.nih.gov/geo/samples/GSM1164nnn/GSM1164213/suppl/GSM1164213_H3K4me3_18505_read_counts.txt.gz,233537101,233537101,True
GSM1164214_H3K4me3_18507_read_counts.txt.gz,GSE47991,H3K4me3,18507,https://ftp.ncbi.nlm.nih.gov/geo/samples/GSM1164nnn/GSM1164214/suppl/GSM1164214_H3K4me3_18507_read_counts.txt.gz,233683850,233683850,True
GSM1164215_H3K4me3_18508_read_counts.txt.gz,GSE47991,H3K4me3,18508,https://ftp.ncbi.nlm.nih.gov/geo/samples/GSM1164nnn/GSM1164215/suppl/GSM1164215_H3K4me3_18508_read_counts.txt.gz,232067113,232067113,True
GSM1164216_H3K4me3_18516_read_counts.txt.gz,GSE47991,H3K4me3,18516,https://ftp.ncbi.nlm.nih.gov/geo/samples/GSM1164nnn/GSM1164216/suppl/GSM1164216_H3K4me3_18516_read_counts.txt.gz,233585815,233585815,True
GSM1164217_H3K4me3_18522_read_counts.txt.gz,GSE47991,H3K4me3,18522,https://ftp.ncbi.nlm.nih.gov/geo/samples/GSM1164nnn/GSM1164217/suppl/GSM1164217_H3K4me3_18522_read_counts.txt.gz,231782161,231782161,True
GSM1164218_H3K4me3_19141_read_counts.txt.gz,GSE47991,H3K4me3,19141,https://ftp.ncbi.nlm.nih.gov/geo/samples/GSM1164nnn/GSM1164218/suppl/GSM1164218_H3K4me3_19141_read_counts.txt.gz,233833725,233833725,True
GSM1164219_H3K4me3_19193_read_counts.txt.gz,GSE47991,H3K4me3,19193,https://ftp.ncbi.nlm.nih.gov/geo/samples/GSM1164nnn/GSM1164219/suppl/GSM1164219_H3K4me3_19193_read_counts.txt.gz,234781698,234781698,True
GSM1164220_H3K4me3_19204_read_counts.txt.gz,GSE47991,H3K4me3,19204,https://ftp.ncbi.nlm.nih.gov/geo/samples/GSM1164nnn/GSM1164220/suppl/GSM1164220_H3K4me3_19204_read_counts.txt.gz,232542493,232542493,True
GSM1164221_H3K4me3_19238_read_counts.txt.gz,GSE47991,H3K4me3,19238,https://ftp.ncbi.nlm.nih.gov/geo/samples/GSM1164nnn/GSM1164221/suppl/GSM1164221_H3K4me3_19238_read_counts.txt.gz,232774555,232774555,True
GSM1164222_H3K4me3_19239_read_counts.txt.gz,GSE47991,H3K4me3,19239,https://ftp.ncbi.nlm.nih.gov/geo/samples/GSM1164nnn/GSM1164222/suppl/GSM1164222_H3K4me3_19239_read_counts.txt.gz,234985439,234985439,True
GSM1164223_H3K27ac_18505_read_counts.txt.gz,GSE47991,H3K27ac,18505,https://ftp.ncbi.nlm.nih.gov/geo/samples/GSM1164nnn/GSM1164223/suppl/GSM1164223_H3K27ac_18505_read_counts.txt.gz,234880928,234880928,True
GSM1164224_H3K27ac_18507_read_counts.txt.gz,GSE47991,H3K27ac,18507,https://ftp.ncbi.nlm.nih.gov/geo/samples/GSM1164nnn/GSM1164224/suppl/GSM1164224_H3K27ac_18507_read_counts.txt.gz,234573338,234573338,True
GSM1164225_H3K27ac_18508_read_counts.txt.gz,GSE47991,H3K27ac,18508,https://ftp.ncbi.nlm.nih.gov/geo/samples/GSM1164nnn/GSM1164225/suppl/GSM1164225_H3K27ac_18508_read_counts.txt.gz,235915149,235915149,True
GSM1164226_H3K27ac_18516_read_counts.txt.gz,GSE47991,H3K27ac,18516,https://ftp.ncbi.nlm.nih.gov/geo/samples/GSM1164nnn/GSM1164226/suppl/GSM1164226_H3K27ac_18516_read_counts.txt.gz,232767119,232767119,True
GSM1164227_H3K27ac_18522_read_counts.txt.gz,GSE47991,H3K27ac,18522,https://ftp.ncbi.nlm.nih.gov/geo/samples/GSM1164nnn/GSM1164227/suppl/GSM1164227_H3K27ac_18522_read_counts.txt.gz,235124586,235124586,True
GSM1164228_H3K27ac_19141_read_counts.txt.gz,GSE47991,H3K27ac,19141,https://ftp.ncbi.nlm.nih.gov/geo/samples/GSM1164nnn/GSM1164228/suppl/GSM1164228_H3K27ac_19141_read_counts.txt.gz,235743925,235743925,True
GSM1164229_H3K27ac_19193_read_counts.txt.gz,GSE47991,H3K27ac,19193,https://ftp.ncbi.nlm.nih.gov/geo/samples/GSM1164nnn/GSM1164229/suppl/GSM1164229_H3K27ac_19193_read_counts.txt.gz,237433960,237433960,True
GSM1164230_H3K27ac_19204_read_counts.txt.gz,GSE47991,H3K27ac,19204,https://ftp.ncbi.nlm.nih.gov/geo/samples/GSM1164nnn/GSM1164230/suppl/GSM1164230_H3K27ac_19204_read_counts.txt.gz,234070579,234070579,True
GSM1164231_H3K27ac_19238_read_counts.txt.gz,GSE47991,H3K27ac,19238,https://ftp.ncbi.nlm.nih.gov/geo/samples/GSM1164nnn/GSM1164231/suppl/GSM1164231_H3K27ac_19238_read_counts.txt.gz,236843795,236843795,True
GSM1164232_H3K27ac_19239_read_counts.txt.gz,GSE47991,H3K27ac,19239,https://ftp.ncbi.nlm.nih.gov/geo/samples/GSM1164nnn/GSM1164232/suppl/GSM1164232_H3K27ac_19239_read_counts.txt.gz,236072325,236072325,True
